-- MySQL dump 10.13  Distrib 8.0.20, for macos10.15 (x86_64)
--
-- Host: 127.0.0.1    Database: pagamento_cbmsc
-- ------------------------------------------------------
-- Server version	8.0.22

/*!40101 SET @OLD_CHARACTER_SET_CLIENT=@@CHARACTER_SET_CLIENT */;
/*!40101 SET @OLD_CHARACTER_SET_RESULTS=@@CHARACTER_SET_RESULTS */;
/*!40101 SET @OLD_COLLATION_CONNECTION=@@COLLATION_CONNECTION */;
/*!50503 SET NAMES utf8 */;
/*!40103 SET @OLD_TIME_ZONE=@@TIME_ZONE */;
/*!40103 SET TIME_ZONE='+00:00' */;
/*!40014 SET @OLD_UNIQUE_CHECKS=@@UNIQUE_CHECKS, UNIQUE_CHECKS=0 */;
/*!40014 SET @OLD_FOREIGN_KEY_CHECKS=@@FOREIGN_KEY_CHECKS, FOREIGN_KEY_CHECKS=0 */;
/*!40101 SET @OLD_SQL_MODE=@@SQL_MODE, SQL_MODE='NO_AUTO_VALUE_ON_ZERO' */;
/*!40111 SET @OLD_SQL_NOTES=@@SQL_NOTES, SQL_NOTES=0 */;

--
-- Table structure for table `competencia`
--

DROP TABLE IF EXISTS `competencia`;
/*!40101 SET @saved_cs_client     = @@character_set_client */;
/*!50503 SET character_set_client = utf8mb4 */;
CREATE TABLE `competencia` (
  `id` int NOT NULL AUTO_INCREMENT,
  `dataCompetencia` date DEFAULT NULL,
  PRIMARY KEY (`id`)
) ENGINE=InnoDB AUTO_INCREMENT=9 DEFAULT CHARSET=utf8mb4 COLLATE=utf8mb4_0900_ai_ci;
/*!40101 SET character_set_client = @saved_cs_client */;

--
-- Dumping data for table `competencia`
--

LOCK TABLES `competencia` WRITE;
/*!40000 ALTER TABLE `competencia` DISABLE KEYS */;
INSERT INTO `competencia` VALUES (4,'2023-01-02'),(6,'2023-02-25'),(7,'2023-03-25'),(8,'2023-04-25');
/*!40000 ALTER TABLE `competencia` ENABLE KEYS */;
UNLOCK TABLES;

--
-- Table structure for table `contracheque`
--

DROP TABLE IF EXISTS `contracheque`;
/*!40101 SET @saved_cs_client     = @@character_set_client */;
/*!50503 SET character_set_client = utf8mb4 */;
CREATE TABLE `contracheque` (
  `Id` int NOT NULL AUTO_INCREMENT,
  `Id_Militar` int NOT NULL,
  `Data_Contracheque` date NOT NULL,
  `Subsidio` decimal(8,2) NOT NULL,
  `Indice_Ajuda_Custo` decimal(5,2) DEFAULT NULL,
  `Valor_Ajuda_Custo` decimal(7,2) DEFAULT NULL,
  `Salario_Bruto` decimal(8,2) DEFAULT NULL,
  `Indice_Previdencia` decimal(4,2) DEFAULT NULL,
  `Valor_Previdencia` decimal(8,2) DEFAULT NULL,
  `Indice_Imposto_Renda` decimal(4,2) DEFAULT NULL,
  `Valor_Imposto_Renda` decimal(8,2) DEFAULT NULL,
  `Salario_Liquido` decimal(8,2) DEFAULT NULL,
  PRIMARY KEY (`Id`),
  KEY `IDX_DATA` (`Data_Contracheque`),
  KEY `fk_militar_idx` (`Id_Militar`),
  CONSTRAINT `fk_militar_contracheque` FOREIGN KEY (`Id_Militar`) REFERENCES `militar` (`id`)
) ENGINE=InnoDB AUTO_INCREMENT=1035 DEFAULT CHARSET=utf8mb4 COLLATE=utf8mb4_0900_ai_ci;
/*!40101 SET character_set_client = @saved_cs_client */;

--
-- Dumping data for table `contracheque`
--

LOCK TABLES `contracheque` WRITE;
/*!40000 ALTER TABLE `contracheque` DISABLE KEYS */;
INSERT INTO `contracheque` VALUES (2,1276,'2023-01-25',8500.00,0.00,850.00,8500.00,0.10,0.00,27.50,1452.54,7047.46),(3,1276,'2023-01-02',8500.00,0.00,0.00,8500.00,0.10,850.00,27.50,1218.79,6431.21),(4,1277,'2023-01-02',8500.00,0.00,0.00,8500.00,0.10,850.00,27.50,1218.79,6431.21),(5,1278,'2023-01-02',8000.00,0.00,0.00,8000.00,0.10,800.00,27.50,1095.04,6104.96),(6,1279,'2023-01-02',8000.00,0.00,0.00,8000.00,0.10,800.00,27.50,1095.04,6104.96),(7,1280,'2023-01-02',8000.00,0.00,0.00,8000.00,0.10,800.00,27.50,1095.04,6104.96),(8,1281,'2023-01-02',8000.00,0.00,0.00,8000.00,0.10,800.00,27.50,1095.04,6104.96),(9,1282,'2023-01-02',7500.00,0.00,0.00,7500.00,0.10,750.00,27.50,971.29,5778.71),(10,1283,'2023-01-02',7500.00,0.00,0.00,7500.00,0.10,750.00,27.50,971.29,5778.71),(11,1284,'2023-01-02',7500.00,0.00,0.00,7500.00,0.10,750.00,27.50,971.29,5778.71),(12,1285,'2023-01-02',7500.00,0.00,0.00,7500.00,0.10,750.00,27.50,971.29,5778.71),(13,1286,'2023-01-02',7500.00,0.00,0.00,7500.00,0.10,750.00,27.50,971.29,5778.71),(14,1287,'2023-01-02',7500.00,0.00,0.00,7500.00,0.10,750.00,27.50,971.29,5778.71),(15,1288,'2023-01-02',7000.00,0.00,0.00,7000.00,0.10,700.00,27.50,847.54,5452.46),(16,1289,'2023-01-02',7000.00,0.00,0.00,7000.00,0.10,700.00,27.50,847.54,5452.46),(17,1290,'2023-01-02',7000.00,0.00,0.00,7000.00,0.10,700.00,27.50,847.54,5452.46),(18,1291,'2023-01-02',7000.00,0.00,0.00,7000.00,0.10,700.00,27.50,847.54,5452.46),(19,1292,'2023-01-02',7000.00,0.00,0.00,7000.00,0.10,700.00,27.50,847.54,5452.46),(20,1293,'2023-01-02',7000.00,0.00,0.00,7000.00,0.10,700.00,27.50,847.54,5452.46),(21,1294,'2023-01-02',6500.00,0.00,0.00,6500.00,0.10,650.00,27.50,723.79,5126.21),(22,1295,'2023-01-02',6000.00,0.00,0.00,6000.00,0.10,600.00,27.50,600.04,4799.96),(23,1296,'2023-01-02',4500.00,0.00,0.00,4500.00,0.10,450.00,22.50,259.52,3790.48),(24,1297,'2023-01-02',4500.00,0.00,0.00,4500.00,0.10,450.00,22.50,259.52,3790.48),(25,1298,'2023-01-02',6000.00,0.00,0.00,6000.00,0.10,600.00,27.50,600.04,4799.96),(26,1299,'2023-01-02',6500.00,0.00,0.00,6500.00,0.10,650.00,27.50,723.79,5126.21),(27,1300,'2023-01-02',6500.00,0.00,3250.00,9750.00,0.10,650.00,27.50,723.79,8376.21),(28,1301,'2023-01-02',6000.00,0.00,0.00,6000.00,0.10,600.00,27.50,600.04,4799.96),(29,1302,'2023-01-02',4500.00,0.00,0.00,4500.00,0.10,450.00,22.50,259.52,3790.48),(30,1303,'2023-01-02',4500.00,0.00,0.00,4500.00,0.10,450.00,22.50,259.52,3790.48),(31,1304,'2023-01-02',6000.00,0.00,0.00,6000.00,0.10,600.00,27.50,600.04,4799.96),(32,1305,'2023-01-02',6500.00,0.00,0.00,6500.00,0.10,650.00,27.50,723.79,5126.21),(33,1306,'2023-01-02',6000.00,0.00,0.00,6000.00,0.10,600.00,27.50,600.04,4799.96),(34,1307,'2023-01-02',4500.00,0.00,0.00,4500.00,0.10,450.00,22.50,259.52,3790.48),(35,1308,'2023-01-02',6000.00,0.00,0.00,6000.00,0.10,600.00,27.50,600.04,4799.96),(36,1309,'2023-01-02',6500.00,0.00,0.00,6500.00,0.10,650.00,27.50,723.79,5126.21),(37,1310,'2023-01-02',6500.00,0.00,0.00,6500.00,0.10,650.00,27.50,723.79,5126.21),(38,1311,'2023-01-02',6000.00,0.00,0.00,6000.00,0.10,600.00,27.50,600.04,4799.96),(39,1312,'2023-01-02',4500.00,0.00,0.00,4500.00,0.10,450.00,22.50,259.52,3790.48),(40,1313,'2023-01-02',6500.00,0.00,0.00,6500.00,0.10,650.00,27.50,723.79,5126.21),(41,1314,'2023-01-02',6000.00,0.00,0.00,6000.00,0.10,600.00,27.50,600.04,4799.96),(42,1315,'2023-01-02',4500.00,0.00,0.00,4500.00,0.10,450.00,22.50,259.52,3790.48),(43,1316,'2023-01-02',6500.00,0.00,0.00,6500.00,0.10,650.00,27.50,723.79,5126.21),(44,1317,'2023-01-02',6500.00,0.00,0.00,6500.00,0.10,650.00,27.50,723.79,5126.21),(45,1318,'2023-01-02',4500.00,0.00,0.00,4500.00,0.10,450.00,22.50,259.52,3790.48),(46,1319,'2023-01-02',4500.00,0.00,0.00,4500.00,0.10,450.00,22.50,259.52,3790.48),(47,1320,'2023-01-02',6000.00,0.00,0.00,6000.00,0.10,600.00,27.50,600.04,4799.96),(48,1321,'2023-01-02',6500.00,0.00,0.00,6500.00,0.10,650.00,27.50,723.79,5126.21),(49,1322,'2023-01-02',4500.00,0.00,0.00,4500.00,0.10,450.00,22.50,259.52,3790.48),(50,1323,'2023-01-02',6000.00,0.00,0.00,6000.00,0.10,600.00,27.50,600.04,4799.96),(51,1324,'2023-01-02',6500.00,0.00,0.00,6500.00,0.10,650.00,27.50,723.79,5126.21),(52,1325,'2023-01-02',4500.00,0.00,0.00,4500.00,0.10,450.00,22.50,259.52,3790.48),(53,1326,'2023-01-02',6000.00,0.00,0.00,6000.00,0.10,600.00,27.50,600.04,4799.96),(54,1327,'2023-01-02',6000.00,0.00,0.00,6000.00,0.10,600.00,27.50,600.04,4799.96),(55,1328,'2023-01-02',6500.00,0.00,0.00,6500.00,0.10,650.00,27.50,723.79,5126.21),(56,1329,'2023-01-02',6500.00,0.00,0.00,6500.00,0.10,650.00,27.50,723.79,5126.21),(57,1330,'2023-01-02',4500.00,0.00,0.00,4500.00,0.10,450.00,22.50,259.52,3790.48),(58,1331,'2023-01-02',4500.00,0.00,0.00,4500.00,0.10,450.00,22.50,259.52,3790.48),(59,1332,'2023-01-02',6500.00,0.00,0.00,6500.00,0.10,650.00,27.50,723.79,5126.21),(60,1333,'2023-01-02',6000.00,0.00,0.00,6000.00,0.10,600.00,27.50,600.04,4799.96),(61,1334,'2023-01-02',4500.00,0.00,0.00,4500.00,0.10,450.00,22.50,259.52,3790.48),(62,1335,'2023-01-02',6500.00,0.00,0.00,6500.00,0.10,650.00,27.50,723.79,5126.21),(63,1336,'2023-01-02',6000.00,0.00,0.00,6000.00,0.10,600.00,27.50,600.04,4799.96),(64,1337,'2023-01-02',4500.00,0.00,0.00,4500.00,0.10,450.00,22.50,259.52,3790.48),(65,1338,'2023-01-02',6500.00,0.00,0.00,6500.00,0.10,650.00,27.50,723.79,5126.21),(66,1339,'2023-01-02',4500.00,0.00,0.00,4500.00,0.10,450.00,22.50,259.52,3790.48),(67,1340,'2023-01-02',6000.00,0.00,0.00,6000.00,0.10,600.00,27.50,600.04,4799.96),(68,1341,'2023-01-02',6500.00,0.00,0.00,6500.00,0.10,650.00,27.50,723.79,5126.21),(69,1342,'2023-01-02',4500.00,0.00,0.00,4500.00,0.10,450.00,22.50,259.52,3790.48),(70,1343,'2023-01-02',6000.00,0.00,0.00,6000.00,0.10,600.00,27.50,600.04,4799.96),(71,1344,'2023-01-02',6500.00,0.00,0.00,6500.00,0.10,650.00,27.50,723.79,5126.21),(72,1345,'2023-01-02',6500.00,0.00,0.00,6500.00,0.10,650.00,27.50,723.79,5126.21),(73,1346,'2023-01-02',4500.00,0.00,0.00,4500.00,0.10,450.00,22.50,259.52,3790.48),(74,1347,'2023-01-02',4500.00,0.00,0.00,4500.00,0.10,450.00,22.50,259.52,3790.48),(75,1348,'2023-01-02',6000.00,0.00,0.00,6000.00,0.10,600.00,27.50,600.04,4799.96),(76,1349,'2023-01-02',6500.00,0.00,0.00,6500.00,0.10,650.00,27.50,723.79,5126.21),(77,1350,'2023-01-02',4500.00,0.00,0.00,4500.00,0.10,450.00,22.50,259.52,3790.48),(78,1351,'2023-01-02',6000.00,0.00,0.00,6000.00,0.10,600.00,27.50,600.04,4799.96),(79,1352,'2023-01-02',4500.00,0.00,0.00,4500.00,0.10,450.00,22.50,259.52,3790.48),(80,1353,'2023-01-02',6500.00,0.00,0.00,6500.00,0.10,650.00,27.50,723.79,5126.21),(81,1354,'2023-01-02',6000.00,0.00,0.00,6000.00,0.10,600.00,27.50,600.04,4799.96),(82,1355,'2023-01-02',4500.00,0.00,0.00,4500.00,0.10,450.00,22.50,259.52,3790.48),(83,1356,'2023-01-02',6000.00,0.00,0.00,6000.00,0.10,600.00,27.50,600.04,4799.96),(84,1357,'2023-01-02',6500.00,0.00,0.00,6500.00,0.10,650.00,27.50,723.79,5126.21),(85,1358,'2023-01-02',6000.00,0.00,0.00,6000.00,0.10,600.00,27.50,600.04,4799.96),(86,1359,'2023-01-02',4500.00,0.00,0.00,4500.00,0.10,450.00,22.50,259.52,3790.48),(87,1360,'2023-01-02',4500.00,0.00,0.00,4500.00,0.10,450.00,22.50,259.52,3790.48),(88,1361,'2023-01-02',6000.00,0.00,0.00,6000.00,0.10,600.00,27.50,600.04,4799.96),(89,1362,'2023-01-02',6500.00,0.00,0.00,6500.00,0.10,650.00,27.50,723.79,5126.21),(90,1363,'2023-01-02',6500.00,0.00,0.00,6500.00,0.10,650.00,27.50,723.79,5126.21),(91,1364,'2023-01-02',6000.00,0.00,0.00,6000.00,0.10,600.00,27.50,600.04,4799.96),(92,1365,'2023-01-02',4500.00,0.00,0.00,4500.00,0.10,450.00,22.50,259.52,3790.48),(93,1366,'2023-01-02',2000.00,0.00,0.00,2000.00,0.10,200.00,0.00,0.00,1800.00),(94,1367,'2023-01-02',2500.00,0.00,0.00,2500.00,0.10,250.00,7.50,10.35,2239.65),(95,1368,'2023-01-02',2000.00,0.00,0.00,2000.00,0.10,200.00,0.00,0.00,1800.00),(96,1369,'2023-01-02',2500.00,0.00,0.00,2500.00,0.10,250.00,7.50,10.35,2239.65),(97,1370,'2023-01-02',2000.00,0.00,0.00,2000.00,0.10,200.00,0.00,0.00,1800.00),(98,1371,'2023-01-02',2500.00,0.00,0.00,2500.00,0.10,250.00,7.50,10.35,2239.65),(99,1372,'2023-01-02',2000.00,0.00,0.00,2000.00,0.10,200.00,0.00,0.00,1800.00),(100,1373,'2023-01-02',2500.00,0.00,0.00,2500.00,0.10,250.00,7.50,10.35,2239.65),(101,1374,'2023-01-02',2000.00,0.00,0.00,2000.00,0.10,200.00,0.00,0.00,1800.00),(102,1375,'2023-01-02',2000.00,0.00,0.00,2000.00,0.10,200.00,0.00,0.00,1800.00),(103,1376,'2023-01-02',3000.00,0.00,0.00,3000.00,0.10,300.00,7.50,44.10,2655.90),(104,1377,'2023-01-02',3500.00,0.00,0.00,3500.00,0.10,350.00,15.00,102.10,3047.90),(105,1378,'2023-01-02',4000.00,0.00,0.00,4000.00,0.10,400.00,15.00,169.60,3430.40),(106,1379,'2023-01-02',2000.00,0.00,0.00,2000.00,0.10,200.00,0.00,0.00,1800.00),(107,1380,'2023-01-02',2500.00,0.00,0.00,2500.00,0.10,250.00,7.50,10.35,2239.65),(108,1381,'2023-01-02',2500.00,0.00,0.00,2500.00,0.10,250.00,7.50,10.35,2239.65),(109,1382,'2023-01-02',2500.00,0.00,0.00,2500.00,0.10,250.00,7.50,10.35,2239.65),(110,1383,'2023-01-02',2000.00,0.00,0.00,2000.00,0.10,200.00,0.00,0.00,1800.00),(111,1384,'2023-01-02',2500.00,0.00,0.00,2500.00,0.10,250.00,7.50,10.35,2239.65),(112,1385,'2023-01-02',2000.00,0.00,0.00,2000.00,0.10,200.00,0.00,0.00,1800.00),(113,1386,'2023-01-02',2500.00,0.00,0.00,2500.00,0.10,250.00,7.50,10.35,2239.65),(114,1387,'2023-01-02',2000.00,0.00,0.00,2000.00,0.10,200.00,0.00,0.00,1800.00),(115,1388,'2023-01-02',2500.00,0.00,0.00,2500.00,0.10,250.00,7.50,10.35,2239.65),(116,1389,'2023-01-02',2500.00,0.00,0.00,2500.00,0.10,250.00,7.50,10.35,2239.65),(117,1390,'2023-01-02',4000.00,0.00,0.00,4000.00,0.10,400.00,15.00,169.60,3430.40),(118,1391,'2023-01-02',2000.00,0.00,0.00,2000.00,0.10,200.00,0.00,0.00,1800.00),(119,1392,'2023-01-02',2500.00,0.00,0.00,2500.00,0.10,250.00,7.50,10.35,2239.65),(120,1393,'2023-01-02',2500.00,0.00,0.00,2500.00,0.10,250.00,7.50,10.35,2239.65),(121,1394,'2023-01-02',2000.00,0.00,0.00,2000.00,0.10,200.00,0.00,0.00,1800.00),(122,1395,'2023-01-02',2000.00,0.00,0.00,2000.00,0.10,200.00,0.00,0.00,1800.00),(123,1396,'2023-01-02',2500.00,0.00,0.00,2500.00,0.10,250.00,7.50,10.35,2239.65),(124,1397,'2023-01-02',2000.00,0.00,0.00,2000.00,0.10,200.00,0.00,0.00,1800.00),(125,1398,'2023-01-02',2500.00,0.00,0.00,2500.00,0.10,250.00,7.50,10.35,2239.65),(126,1399,'2023-01-02',2000.00,0.00,0.00,2000.00,0.10,200.00,0.00,0.00,1800.00),(127,1400,'2023-01-02',2500.00,0.00,0.00,2500.00,0.10,250.00,7.50,10.35,2239.65),(128,1401,'2023-01-02',2000.00,0.00,0.00,2000.00,0.10,200.00,0.00,0.00,1800.00),(129,1402,'2023-01-02',3500.00,0.00,0.00,3500.00,0.10,350.00,15.00,102.10,3047.90),(130,1403,'2023-01-02',2000.00,0.00,0.00,2000.00,0.10,200.00,0.00,0.00,1800.00),(131,1404,'2023-01-02',2000.00,0.00,0.00,2000.00,0.10,200.00,0.00,0.00,1800.00),(132,1405,'2023-01-02',2500.00,0.00,0.00,2500.00,0.10,250.00,7.50,10.35,2239.65),(133,1406,'2023-01-02',2000.00,0.00,0.00,2000.00,0.10,200.00,0.00,0.00,1800.00),(134,1407,'2023-01-02',2500.00,0.00,0.00,2500.00,0.10,250.00,7.50,10.35,2239.65),(135,1408,'2023-01-02',2000.00,0.00,0.00,2000.00,0.10,200.00,0.00,0.00,1800.00),(136,1409,'2023-01-02',2500.00,0.00,0.00,2500.00,0.10,250.00,7.50,10.35,2239.65),(137,1410,'2023-01-02',2000.00,0.00,0.00,2000.00,0.10,200.00,0.00,0.00,1800.00),(138,1411,'2023-01-02',2500.00,0.00,0.00,2500.00,0.10,250.00,7.50,10.35,2239.65),(139,1412,'2023-01-02',2000.00,0.00,0.00,2000.00,0.10,200.00,0.00,0.00,1800.00),(140,1413,'2023-01-02',2500.00,0.00,0.00,2500.00,0.10,250.00,7.50,10.35,2239.65),(141,1414,'2023-01-02',3000.00,0.00,0.00,3000.00,0.10,300.00,7.50,44.10,2655.90),(142,1415,'2023-01-02',3500.00,0.00,0.00,3500.00,0.10,350.00,15.00,102.10,3047.90),(143,1416,'2023-01-02',4000.00,0.00,0.00,4000.00,0.10,400.00,15.00,169.60,3430.40),(144,1417,'2023-01-02',2000.00,0.00,0.00,2000.00,0.10,200.00,0.00,0.00,1800.00),(145,1418,'2023-01-02',2500.00,0.00,0.00,2500.00,0.10,250.00,7.50,10.35,2239.65),(146,1419,'2023-01-02',2000.00,0.00,0.00,2000.00,0.10,200.00,0.00,0.00,1800.00),(147,1420,'2023-01-02',2500.00,0.00,0.00,2500.00,0.10,250.00,7.50,10.35,2239.65),(148,1421,'2023-01-02',2500.00,0.00,0.00,2500.00,0.10,250.00,7.50,10.35,2239.65),(149,1422,'2023-01-02',2000.00,0.00,0.00,2000.00,0.10,200.00,0.00,0.00,1800.00),(150,1423,'2023-01-02',2000.00,0.00,0.00,2000.00,0.10,200.00,0.00,0.00,1800.00),(151,1424,'2023-01-02',2500.00,0.00,0.00,2500.00,0.10,250.00,7.50,10.35,2239.65),(152,1425,'2023-01-02',2000.00,0.00,0.00,2000.00,0.10,200.00,0.00,0.00,1800.00),(153,1426,'2023-01-02',2500.00,0.00,0.00,2500.00,0.10,250.00,7.50,10.35,2239.65),(154,1427,'2023-01-02',2000.00,0.00,0.00,2000.00,0.10,200.00,0.00,0.00,1800.00),(155,1428,'2023-01-02',3500.00,0.00,0.00,3500.00,0.10,350.00,15.00,102.10,3047.90),(156,1429,'2023-01-02',4000.00,0.00,0.00,4000.00,0.10,400.00,15.00,169.60,3430.40),(157,1430,'2023-01-02',2000.00,0.00,0.00,2000.00,0.10,200.00,0.00,0.00,1800.00),(158,1431,'2023-01-02',2500.00,0.00,0.00,2500.00,0.10,250.00,7.50,10.35,2239.65),(159,1432,'2023-01-02',2000.00,0.00,0.00,2000.00,0.10,200.00,0.00,0.00,1800.00),(160,1433,'2023-01-02',2000.00,0.00,0.00,2000.00,0.10,200.00,0.00,0.00,1800.00),(161,1434,'2023-01-02',2000.00,0.00,0.00,2000.00,0.10,200.00,0.00,0.00,1800.00),(162,1435,'2023-01-02',2000.00,0.00,0.00,2000.00,0.10,200.00,0.00,0.00,1800.00),(163,1436,'2023-01-02',2000.00,0.00,0.00,2000.00,0.10,200.00,0.00,0.00,1800.00),(164,1437,'2023-01-02',2500.00,0.00,0.00,2500.00,0.10,250.00,7.50,10.35,2239.65),(165,1438,'2023-01-02',2000.00,0.00,0.00,2000.00,0.10,200.00,0.00,0.00,1800.00),(166,1439,'2023-01-02',2500.00,0.00,0.00,2500.00,0.10,250.00,7.50,10.35,2239.65),(167,1440,'2023-01-02',3000.00,0.00,0.00,3000.00,0.10,300.00,7.50,44.10,2655.90),(168,1441,'2023-01-02',3500.00,0.00,0.00,3500.00,0.10,350.00,15.00,102.10,3047.90),(169,1442,'2023-01-02',4000.00,0.00,0.00,4000.00,0.10,400.00,15.00,169.60,3430.40),(170,1443,'2023-01-02',2000.00,0.00,0.00,2000.00,0.10,200.00,0.00,0.00,1800.00),(171,1444,'2023-01-02',2500.00,0.00,0.00,2500.00,0.10,250.00,7.50,10.35,2239.65),(172,1445,'2023-01-02',2000.00,0.00,0.00,2000.00,0.10,200.00,0.00,0.00,1800.00),(173,1446,'2023-01-02',2500.00,0.00,0.00,2500.00,0.10,250.00,7.50,10.35,2239.65),(174,1447,'2023-01-02',4000.00,0.00,0.00,4000.00,0.10,400.00,15.00,169.60,3430.40),(175,1448,'2023-01-02',2500.00,0.00,0.00,2500.00,0.10,250.00,7.50,10.35,2239.65),(176,1449,'2023-01-02',2000.00,0.00,0.00,2000.00,0.10,200.00,0.00,0.00,1800.00),(177,1450,'2023-01-02',3000.00,0.00,0.00,3000.00,0.10,300.00,7.50,44.10,2655.90),(178,1451,'2023-01-02',2000.00,0.00,0.00,2000.00,0.10,200.00,0.00,0.00,1800.00),(179,1452,'2023-01-02',2500.00,0.00,0.00,2500.00,0.10,250.00,7.50,10.35,2239.65),(180,1453,'2023-01-02',2000.00,0.00,0.00,2000.00,0.10,200.00,0.00,0.00,1800.00),(181,1454,'2023-01-02',2500.00,0.00,0.00,2500.00,0.10,250.00,7.50,10.35,2239.65),(182,1455,'2023-01-02',4000.00,0.00,0.00,4000.00,0.10,400.00,15.00,169.60,3430.40),(183,1456,'2023-01-02',2500.00,0.00,0.00,2500.00,0.10,250.00,7.50,10.35,2239.65),(184,1457,'2023-01-02',2000.00,0.00,0.00,2000.00,0.10,200.00,0.00,0.00,1800.00),(185,1458,'2023-01-02',3000.00,0.00,0.00,3000.00,0.10,300.00,7.50,44.10,2655.90),(186,1459,'2023-01-02',2000.00,0.00,0.00,2000.00,0.10,200.00,0.00,0.00,1800.00),(187,1460,'2023-01-02',2500.00,0.00,0.00,2500.00,0.10,250.00,7.50,10.35,2239.65),(188,1461,'2023-01-02',2000.00,0.00,0.00,2000.00,0.10,200.00,0.00,0.00,1800.00),(189,1462,'2023-01-02',2500.00,0.00,0.00,2500.00,0.10,250.00,7.50,10.35,2239.65),(190,1463,'2023-01-02',4000.00,0.00,0.00,4000.00,0.10,400.00,15.00,169.60,3430.40),(191,1464,'2023-01-02',2500.00,0.00,0.00,2500.00,0.10,250.00,7.50,10.35,2239.65),(192,1465,'2023-01-02',2000.00,0.00,0.00,2000.00,0.10,200.00,0.00,0.00,1800.00),(193,1466,'2023-01-02',3000.00,0.00,0.00,3000.00,0.10,300.00,7.50,44.10,2655.90),(194,1467,'2023-01-02',2000.00,0.00,0.00,2000.00,0.10,200.00,0.00,0.00,1800.00),(195,1468,'2023-01-02',2500.00,0.00,0.00,2500.00,0.10,250.00,7.50,10.35,2239.65),(196,1469,'2023-01-02',2000.00,0.00,0.00,2000.00,0.10,200.00,0.00,0.00,1800.00),(197,1470,'2023-01-02',2500.00,0.00,0.00,2500.00,0.10,250.00,7.50,10.35,2239.65),(198,1471,'2023-01-02',4000.00,0.00,0.00,4000.00,0.10,400.00,15.00,169.60,3430.40),(199,1472,'2023-01-02',2500.00,0.00,0.00,2500.00,0.10,250.00,7.50,10.35,2239.65),(200,1473,'2023-01-02',2000.00,0.00,0.00,2000.00,0.10,200.00,0.00,0.00,1800.00),(201,1474,'2023-01-02',3000.00,0.00,0.00,3000.00,0.10,300.00,7.50,44.10,2655.90),(202,1475,'2023-01-02',2000.00,0.00,0.00,2000.00,0.10,200.00,0.00,0.00,1800.00),(203,1476,'2023-01-02',2500.00,0.00,0.00,2500.00,0.10,250.00,7.50,10.35,2239.65),(204,1477,'2023-01-02',2000.00,0.00,0.00,2000.00,0.10,200.00,0.00,0.00,1800.00),(205,1478,'2023-01-02',2500.00,0.00,0.00,2500.00,0.10,250.00,7.50,10.35,2239.65),(206,1479,'2023-01-02',4000.00,0.00,0.00,4000.00,0.10,400.00,15.00,169.60,3430.40),(207,1480,'2023-01-02',2000.00,0.00,0.00,2000.00,0.10,200.00,0.00,0.00,1800.00),(208,1481,'2023-01-02',2500.00,0.00,0.00,2500.00,0.10,250.00,7.50,10.35,2239.65),(209,1482,'2023-01-02',2000.00,0.00,0.00,2000.00,0.10,200.00,0.00,0.00,1800.00),(210,1483,'2023-01-02',2500.00,0.00,0.00,2500.00,0.10,250.00,7.50,10.35,2239.65),(211,1484,'2023-01-02',4000.00,0.00,0.00,4000.00,0.10,400.00,15.00,169.60,3430.40),(212,1485,'2023-01-02',2000.00,0.00,0.00,2000.00,0.10,200.00,0.00,0.00,1800.00),(213,1486,'2023-01-02',2500.00,0.00,0.00,2500.00,0.10,250.00,7.50,10.35,2239.65),(214,1487,'2023-01-02',2000.00,0.00,0.00,2000.00,0.10,200.00,0.00,0.00,1800.00),(215,1488,'2023-01-02',2500.00,0.00,0.00,2500.00,0.10,250.00,7.50,10.35,2239.65),(216,1489,'2023-01-02',4000.00,0.00,0.00,4000.00,0.10,400.00,15.00,169.60,3430.40),(217,1490,'2023-01-02',2000.00,0.00,0.00,2000.00,0.10,200.00,0.00,0.00,1800.00),(218,1491,'2023-01-02',2500.00,0.00,0.00,2500.00,0.10,250.00,7.50,10.35,2239.65),(219,1492,'2023-01-02',2000.00,0.00,0.00,2000.00,0.10,200.00,0.00,0.00,1800.00),(220,1493,'2023-01-02',2500.00,0.00,0.00,2500.00,0.10,250.00,7.50,10.35,2239.65),(221,1494,'2023-01-02',4000.00,0.00,0.00,4000.00,0.10,400.00,15.00,169.60,3430.40),(222,1495,'2023-01-02',2000.00,0.00,0.00,2000.00,0.10,200.00,0.00,0.00,1800.00),(223,1496,'2023-01-02',2500.00,0.00,0.00,2500.00,0.10,250.00,7.50,10.35,2239.65),(224,1497,'2023-01-02',2000.00,0.00,0.00,2000.00,0.10,200.00,0.00,0.00,1800.00),(225,1498,'2023-01-02',2500.00,0.00,0.00,2500.00,0.10,250.00,7.50,10.35,2239.65),(226,1499,'2023-01-02',4000.00,0.00,0.00,4000.00,0.10,400.00,15.00,169.60,3430.40),(227,1500,'2023-01-02',2000.00,0.00,0.00,2000.00,0.10,200.00,0.00,0.00,1800.00),(228,1501,'2023-01-02',2500.00,0.00,0.00,2500.00,0.10,250.00,7.50,10.35,2239.65),(229,1502,'2023-01-02',2000.00,0.00,0.00,2000.00,0.10,200.00,0.00,0.00,1800.00),(230,1503,'2023-01-02',2500.00,0.00,0.00,2500.00,0.10,250.00,7.50,10.35,2239.65),(231,1504,'2023-01-02',4000.00,0.00,0.00,4000.00,0.10,400.00,15.00,169.60,3430.40),(232,1505,'2023-01-02',2500.00,0.00,0.00,2500.00,0.10,250.00,7.50,10.35,2239.65),(233,1506,'2023-01-02',2000.00,0.00,0.00,2000.00,0.10,200.00,0.00,0.00,1800.00),(234,1507,'2023-01-02',3000.00,0.00,0.00,3000.00,0.10,300.00,7.50,44.10,2655.90),(235,1508,'2023-01-02',2000.00,0.00,0.00,2000.00,0.10,200.00,0.00,0.00,1800.00),(236,1509,'2023-01-02',3000.00,0.00,0.00,3000.00,0.10,300.00,7.50,44.10,2655.90),(237,1510,'2023-01-02',2000.00,0.00,0.00,2000.00,0.10,200.00,0.00,0.00,1800.00),(238,1511,'2023-01-02',2500.00,0.00,0.00,2500.00,0.10,250.00,7.50,10.35,2239.65),(239,1512,'2023-01-02',2000.00,0.00,0.00,2000.00,0.10,200.00,0.00,0.00,1800.00),(240,1513,'2023-01-02',2500.00,0.00,0.00,2500.00,0.10,250.00,7.50,10.35,2239.65),(241,1514,'2023-01-02',4000.00,0.00,0.00,4000.00,0.10,400.00,15.00,169.60,3430.40),(242,1515,'2023-01-02',2500.00,0.00,0.00,2500.00,0.10,250.00,7.50,10.35,2239.65),(243,1516,'2023-01-02',2000.00,0.00,0.00,2000.00,0.10,200.00,0.00,0.00,1800.00),(244,1517,'2023-01-02',3000.00,0.00,0.00,3000.00,0.10,300.00,7.50,44.10,2655.90),(245,1518,'2023-01-02',2000.00,0.00,0.00,2000.00,0.10,200.00,0.00,0.00,1800.00),(246,1519,'2023-01-02',2000.00,0.00,0.00,2000.00,0.10,200.00,0.00,0.00,1800.00),(247,1520,'2023-01-02',2500.00,0.00,0.00,2500.00,0.10,250.00,7.50,10.35,2239.65),(248,1521,'2023-01-02',2000.00,0.00,0.00,2000.00,0.10,200.00,0.00,0.00,1800.00),(249,1522,'2023-01-02',2500.00,0.00,0.00,2500.00,0.10,250.00,7.50,10.35,2239.65),(250,1523,'2023-01-02',4000.00,0.00,0.00,4000.00,0.10,400.00,15.00,169.60,3430.40),(251,1524,'2023-01-02',2500.00,0.00,0.00,2500.00,0.10,250.00,7.50,10.35,2239.65),(252,1525,'2023-01-02',2000.00,0.00,0.00,2000.00,0.10,200.00,0.00,0.00,1800.00),(253,1526,'2023-01-02',3000.00,0.00,0.00,3000.00,0.10,300.00,7.50,44.10,2655.90),(254,1527,'2023-01-02',7500.00,0.00,0.00,7500.00,0.10,750.00,27.50,971.29,5778.71),(255,1528,'2023-01-02',7000.00,0.00,0.00,7000.00,0.10,700.00,27.50,847.54,5452.46),(256,1529,'2023-01-02',3000.00,0.00,0.00,3000.00,0.10,300.00,7.50,44.10,2655.90),(257,1530,'2023-01-02',3500.00,0.00,0.00,3500.00,0.10,350.00,15.00,102.10,3047.90),(258,1531,'2023-01-02',2000.00,0.00,0.00,2000.00,0.10,200.00,0.00,0.00,1800.00),(259,1532,'2023-01-02',25000.00,0.00,0.00,25000.00,0.10,2500.00,27.50,5302.54,17197.46),(260,1533,'2023-01-02',4500.00,0.00,0.00,4500.00,0.10,450.00,22.50,259.52,3790.48),(261,1276,'2023-02-25',8500.00,0.00,0.00,8500.00,0.10,850.00,27.50,1452.51,6197.49),(262,1277,'2023-02-25',8500.00,0.00,0.00,8500.00,0.10,850.00,27.50,1452.51,6197.49),(263,1278,'2023-02-25',8000.00,0.00,0.00,8000.00,0.10,800.00,27.50,1315.01,5884.99),(264,1279,'2023-02-25',8000.00,0.00,0.00,8000.00,0.10,800.00,27.50,1315.01,5884.99),(265,1280,'2023-02-25',8000.00,0.00,0.00,8000.00,0.10,800.00,27.50,1315.01,5884.99),(266,1281,'2023-02-25',8000.00,0.00,0.00,8000.00,0.10,800.00,27.50,1315.01,5884.99),(267,1282,'2023-02-25',7500.00,0.00,0.00,7500.00,0.10,750.00,27.50,1177.51,5572.49),(268,1283,'2023-02-25',7500.00,0.00,0.00,7500.00,0.10,750.00,27.50,1177.51,5572.49),(269,1284,'2023-02-25',7500.00,0.00,0.00,7500.00,0.10,750.00,27.50,1177.51,5572.49),(270,1285,'2023-02-25',7500.00,0.00,0.00,7500.00,0.10,750.00,27.50,1177.51,5572.49),(271,1286,'2023-02-25',7500.00,0.00,0.00,7500.00,0.10,750.00,27.50,1177.51,5572.49),(272,1287,'2023-02-25',7500.00,0.00,0.00,7500.00,0.10,750.00,27.50,1177.51,5572.49),(273,1288,'2023-02-25',7000.00,0.00,0.00,7000.00,0.10,700.00,27.50,1040.01,5259.99),(274,1289,'2023-02-25',7000.00,0.00,0.00,7000.00,0.10,700.00,27.50,1040.01,5259.99),(275,1290,'2023-02-25',7000.00,0.00,0.00,7000.00,0.10,700.00,27.50,1040.01,5259.99),(276,1291,'2023-02-25',7000.00,0.00,0.00,7000.00,0.10,700.00,27.50,1040.01,5259.99),(277,1292,'2023-02-25',7000.00,0.00,0.00,7000.00,0.10,700.00,27.50,1040.01,5259.99),(278,1293,'2023-02-25',7000.00,0.00,0.00,7000.00,0.10,700.00,27.50,1040.01,5259.99),(279,1294,'2023-02-25',6500.00,0.00,0.00,6500.00,0.10,650.00,27.50,902.51,4947.49),(280,1295,'2023-02-25',6000.00,0.00,0.00,6000.00,0.10,600.00,27.50,765.01,4634.99),(281,1296,'2023-02-25',4500.00,0.00,0.00,4500.00,0.10,450.00,22.50,360.75,3689.25),(282,1297,'2023-02-25',4500.00,0.00,0.00,4500.00,0.10,450.00,22.50,360.75,3689.25),(283,1298,'2023-02-25',6000.00,0.00,0.00,6000.00,0.10,600.00,27.50,765.01,4634.99),(284,1299,'2023-02-25',6500.00,0.00,0.00,6500.00,0.10,650.00,27.50,902.51,4947.49),(285,1300,'2023-02-25',6500.00,0.00,0.00,6500.00,0.10,650.00,27.50,902.51,4947.49),(286,1301,'2023-02-25',6000.00,0.00,0.00,6000.00,0.10,600.00,27.50,765.01,4634.99),(287,1302,'2023-02-25',4500.00,0.00,0.00,4500.00,0.10,450.00,22.50,360.75,3689.25),(288,1303,'2023-02-25',4500.00,0.00,0.00,4500.00,0.10,450.00,22.50,360.75,3689.25),(289,1304,'2023-02-25',6000.00,0.00,0.00,6000.00,0.10,600.00,27.50,765.01,4634.99),(290,1305,'2023-02-25',6500.00,0.00,0.00,6500.00,0.10,650.00,27.50,902.51,4947.49),(291,1306,'2023-02-25',6000.00,0.00,0.00,6000.00,0.10,600.00,27.50,765.01,4634.99),(292,1307,'2023-02-25',4500.00,0.00,0.00,4500.00,0.10,450.00,22.50,360.75,3689.25),(293,1308,'2023-02-25',6000.00,0.00,0.00,6000.00,0.10,600.00,27.50,765.01,4634.99),(294,1309,'2023-02-25',6500.00,0.00,0.00,6500.00,0.10,650.00,27.50,902.51,4947.49),(295,1310,'2023-02-25',6500.00,0.00,0.00,6500.00,0.10,650.00,27.50,902.51,4947.49),(296,1311,'2023-02-25',6000.00,0.00,0.00,6000.00,0.10,600.00,27.50,765.01,4634.99),(297,1312,'2023-02-25',4500.00,0.00,0.00,4500.00,0.10,450.00,22.50,360.75,3689.25),(298,1313,'2023-02-25',6500.00,0.00,0.00,6500.00,0.10,650.00,27.50,902.51,4947.49),(299,1314,'2023-02-25',6000.00,0.00,0.00,6000.00,0.10,600.00,27.50,765.01,4634.99),(300,1315,'2023-02-25',4500.00,0.00,0.00,4500.00,0.10,450.00,22.50,360.75,3689.25),(301,1316,'2023-02-25',6500.00,0.00,0.00,6500.00,0.10,650.00,27.50,902.51,4947.49),(302,1317,'2023-02-25',6500.00,0.00,0.00,6500.00,0.10,650.00,27.50,902.51,4947.49),(303,1318,'2023-02-25',4500.00,0.00,0.00,4500.00,0.10,450.00,22.50,360.75,3689.25),(304,1319,'2023-02-25',4500.00,0.00,0.00,4500.00,0.10,450.00,22.50,360.75,3689.25),(305,1320,'2023-02-25',6000.00,0.00,0.00,6000.00,0.10,600.00,27.50,765.01,4634.99),(306,1321,'2023-02-25',6500.00,0.00,0.00,6500.00,0.10,650.00,27.50,902.51,4947.49),(307,1322,'2023-02-25',4500.00,0.00,0.00,4500.00,0.10,450.00,22.50,360.75,3689.25),(308,1323,'2023-02-25',6000.00,0.00,0.00,6000.00,0.10,600.00,27.50,765.01,4634.99),(309,1324,'2023-02-25',6500.00,0.00,0.00,6500.00,0.10,650.00,27.50,902.51,4947.49),(310,1325,'2023-02-25',4500.00,0.00,0.00,4500.00,0.10,450.00,22.50,360.75,3689.25),(311,1326,'2023-02-25',6000.00,0.00,0.00,6000.00,0.10,600.00,27.50,765.01,4634.99),(312,1327,'2023-02-25',6000.00,0.00,0.00,6000.00,0.10,600.00,27.50,765.01,4634.99),(313,1328,'2023-02-25',6500.00,0.00,0.00,6500.00,0.10,650.00,27.50,902.51,4947.49),(314,1329,'2023-02-25',6500.00,0.00,0.00,6500.00,0.10,650.00,27.50,902.51,4947.49),(315,1330,'2023-02-25',4500.00,0.00,0.00,4500.00,0.10,450.00,22.50,360.75,3689.25),(316,1331,'2023-02-25',4500.00,0.00,0.00,4500.00,0.10,450.00,22.50,360.75,3689.25),(317,1332,'2023-02-25',6500.00,0.00,0.00,6500.00,0.10,650.00,27.50,902.51,4947.49),(318,1333,'2023-02-25',6000.00,0.00,0.00,6000.00,0.10,600.00,27.50,765.01,4634.99),(319,1334,'2023-02-25',4500.00,0.00,0.00,4500.00,0.10,450.00,22.50,360.75,3689.25),(320,1335,'2023-02-25',6500.00,0.00,0.00,6500.00,0.10,650.00,27.50,902.51,4947.49),(321,1336,'2023-02-25',6000.00,0.00,0.00,6000.00,0.10,600.00,27.50,765.01,4634.99),(322,1337,'2023-02-25',4500.00,0.00,0.00,4500.00,0.10,450.00,22.50,360.75,3689.25),(323,1338,'2023-02-25',6500.00,0.00,0.00,6500.00,0.10,650.00,27.50,902.51,4947.49),(324,1339,'2023-02-25',4500.00,0.00,0.00,4500.00,0.10,450.00,22.50,360.75,3689.25),(325,1340,'2023-02-25',6000.00,0.00,0.00,6000.00,0.10,600.00,27.50,765.01,4634.99),(326,1341,'2023-02-25',6500.00,0.00,0.00,6500.00,0.10,650.00,27.50,902.51,4947.49),(327,1342,'2023-02-25',4500.00,0.00,0.00,4500.00,0.10,450.00,22.50,360.75,3689.25),(328,1343,'2023-02-25',6000.00,0.00,0.00,6000.00,0.10,600.00,27.50,765.01,4634.99),(329,1344,'2023-02-25',6500.00,0.00,0.00,6500.00,0.10,650.00,27.50,902.51,4947.49),(330,1345,'2023-02-25',6500.00,0.00,0.00,6500.00,0.10,650.00,27.50,902.51,4947.49),(331,1346,'2023-02-25',4500.00,0.00,0.00,4500.00,0.10,450.00,22.50,360.75,3689.25),(332,1347,'2023-02-25',4500.00,0.00,0.00,4500.00,0.10,450.00,22.50,360.75,3689.25),(333,1348,'2023-02-25',6000.00,0.00,0.00,6000.00,0.10,600.00,27.50,765.01,4634.99),(334,1349,'2023-02-25',6500.00,0.00,0.00,6500.00,0.10,650.00,27.50,902.51,4947.49),(335,1350,'2023-02-25',4500.00,0.00,0.00,4500.00,0.10,450.00,22.50,360.75,3689.25),(336,1351,'2023-02-25',6000.00,0.00,0.00,6000.00,0.10,600.00,27.50,765.01,4634.99),(337,1352,'2023-02-25',4500.00,0.00,0.00,4500.00,0.10,450.00,22.50,360.75,3689.25),(338,1353,'2023-02-25',6500.00,0.00,0.00,6500.00,0.10,650.00,27.50,902.51,4947.49),(339,1354,'2023-02-25',6000.00,0.00,0.00,6000.00,0.10,600.00,27.50,765.01,4634.99),(340,1355,'2023-02-25',4500.00,0.00,0.00,4500.00,0.10,450.00,22.50,360.75,3689.25),(341,1356,'2023-02-25',6000.00,0.00,0.00,6000.00,0.10,600.00,27.50,765.01,4634.99),(342,1357,'2023-02-25',6500.00,0.00,0.00,6500.00,0.10,650.00,27.50,902.51,4947.49),(343,1358,'2023-02-25',6000.00,0.00,0.00,6000.00,0.10,600.00,27.50,765.01,4634.99),(344,1359,'2023-02-25',4500.00,0.00,0.00,4500.00,0.10,450.00,22.50,360.75,3689.25),(345,1360,'2023-02-25',4500.00,0.00,0.00,4500.00,0.10,450.00,22.50,360.75,3689.25),(346,1361,'2023-02-25',6000.00,0.00,0.00,6000.00,0.10,600.00,27.50,765.01,4634.99),(347,1362,'2023-02-25',6500.00,0.00,0.00,6500.00,0.10,650.00,27.50,902.51,4947.49),(348,1363,'2023-02-25',6500.00,0.00,0.00,6500.00,0.10,650.00,27.50,902.51,4947.49),(349,1364,'2023-02-25',6000.00,0.00,0.00,6000.00,0.10,600.00,27.50,765.01,4634.99),(350,1365,'2023-02-25',4500.00,0.00,0.00,4500.00,0.10,450.00,22.50,360.75,3689.25),(351,1366,'2023-02-25',2000.00,0.00,0.00,2000.00,0.10,200.00,0.00,0.00,1800.00),(352,1367,'2023-02-25',2500.00,0.00,0.00,2500.00,0.10,250.00,7.50,29.09,2220.91),(353,1368,'2023-02-25',2000.00,0.00,0.00,2000.00,0.10,200.00,0.00,0.00,1800.00),(354,1369,'2023-02-25',2500.00,0.00,0.00,2500.00,0.10,250.00,7.50,29.09,2220.91),(355,1370,'2023-02-25',2000.00,0.00,0.00,2000.00,0.10,200.00,0.00,0.00,1800.00),(356,1371,'2023-02-25',2500.00,0.00,0.00,2500.00,0.10,250.00,7.50,29.09,2220.91),(357,1372,'2023-02-25',2000.00,0.00,0.00,2000.00,0.10,200.00,0.00,0.00,1800.00),(358,1373,'2023-02-25',2500.00,0.00,0.00,2500.00,0.10,250.00,7.50,29.09,2220.91),(359,1374,'2023-02-25',2000.00,0.00,0.00,2000.00,0.10,200.00,0.00,0.00,1800.00),(360,1375,'2023-02-25',2000.00,0.00,0.00,2000.00,0.10,200.00,0.00,0.00,1800.00),(361,1376,'2023-02-25',3000.00,0.00,0.00,3000.00,0.10,300.00,15.00,79.58,2620.42),(362,1377,'2023-02-25',3500.00,0.00,0.00,3500.00,0.10,350.00,15.00,154.58,2995.42),(363,1378,'2023-02-25',4000.00,0.00,0.00,4000.00,0.10,400.00,22.50,248.25,3351.75),(364,1379,'2023-02-25',2000.00,0.00,0.00,2000.00,0.10,200.00,0.00,0.00,1800.00),(365,1380,'2023-02-25',2500.00,0.00,0.00,2500.00,0.10,250.00,7.50,29.09,2220.91),(366,1381,'2023-02-25',2500.00,0.00,0.00,2500.00,0.10,250.00,7.50,29.09,2220.91),(367,1382,'2023-02-25',2500.00,0.00,0.00,2500.00,0.10,250.00,7.50,29.09,2220.91),(368,1383,'2023-02-25',2000.00,0.00,0.00,2000.00,0.10,200.00,0.00,0.00,1800.00),(369,1384,'2023-02-25',2500.00,0.00,0.00,2500.00,0.10,250.00,7.50,29.09,2220.91),(370,1385,'2023-02-25',2000.00,0.00,0.00,2000.00,0.10,200.00,0.00,0.00,1800.00),(371,1386,'2023-02-25',2500.00,0.00,0.00,2500.00,0.10,250.00,7.50,29.09,2220.91),(372,1387,'2023-02-25',2000.00,0.00,0.00,2000.00,0.10,200.00,0.00,0.00,1800.00),(373,1388,'2023-02-25',2500.00,0.00,0.00,2500.00,0.10,250.00,7.50,29.09,2220.91),(374,1389,'2023-02-25',2500.00,0.00,0.00,2500.00,0.10,250.00,7.50,29.09,2220.91),(375,1390,'2023-02-25',4000.00,0.00,0.00,4000.00,0.10,400.00,22.50,248.25,3351.75),(376,1391,'2023-02-25',2000.00,0.00,0.00,2000.00,0.10,200.00,0.00,0.00,1800.00),(377,1392,'2023-02-25',2500.00,0.00,0.00,2500.00,0.10,250.00,7.50,29.09,2220.91),(378,1393,'2023-02-25',2500.00,0.00,0.00,2500.00,0.10,250.00,7.50,29.09,2220.91),(379,1394,'2023-02-25',2000.00,0.00,0.00,2000.00,0.10,200.00,0.00,0.00,1800.00),(380,1395,'2023-02-25',2000.00,0.00,0.00,2000.00,0.10,200.00,0.00,0.00,1800.00),(381,1396,'2023-02-25',2500.00,0.00,0.00,2500.00,0.10,250.00,7.50,29.09,2220.91),(382,1397,'2023-02-25',2000.00,0.00,0.00,2000.00,0.10,200.00,0.00,0.00,1800.00),(383,1398,'2023-02-25',2500.00,0.00,0.00,2500.00,0.10,250.00,7.50,29.09,2220.91),(384,1399,'2023-02-25',2000.00,0.00,0.00,2000.00,0.10,200.00,0.00,0.00,1800.00),(385,1400,'2023-02-25',2500.00,0.00,0.00,2500.00,0.10,250.00,7.50,29.09,2220.91),(386,1401,'2023-02-25',2000.00,0.00,0.00,2000.00,0.10,200.00,0.00,0.00,1800.00),(387,1402,'2023-02-25',3500.00,0.00,0.00,3500.00,0.10,350.00,15.00,154.58,2995.42),(388,1403,'2023-02-25',2000.00,0.00,0.00,2000.00,0.10,200.00,0.00,0.00,1800.00),(389,1404,'2023-02-25',2000.00,0.00,0.00,2000.00,0.10,200.00,0.00,0.00,1800.00),(390,1405,'2023-02-25',2500.00,0.00,0.00,2500.00,0.10,250.00,7.50,29.09,2220.91),(391,1406,'2023-02-25',2000.00,0.00,0.00,2000.00,0.10,200.00,0.00,0.00,1800.00),(392,1407,'2023-02-25',2500.00,0.00,0.00,2500.00,0.10,250.00,7.50,29.09,2220.91),(393,1408,'2023-02-25',2000.00,0.00,0.00,2000.00,0.10,200.00,0.00,0.00,1800.00),(394,1409,'2023-02-25',2500.00,0.00,0.00,2500.00,0.10,250.00,7.50,29.09,2220.91),(395,1410,'2023-02-25',2000.00,0.00,0.00,2000.00,0.10,200.00,0.00,0.00,1800.00),(396,1411,'2023-02-25',2500.00,0.00,0.00,2500.00,0.10,250.00,7.50,29.09,2220.91),(397,1412,'2023-02-25',2000.00,0.00,0.00,2000.00,0.10,200.00,0.00,0.00,1800.00),(398,1413,'2023-02-25',2500.00,0.00,0.00,2500.00,0.10,250.00,7.50,29.09,2220.91),(399,1414,'2023-02-25',3000.00,0.00,0.00,3000.00,0.10,300.00,15.00,79.58,2620.42),(400,1415,'2023-02-25',3500.00,0.00,0.00,3500.00,0.10,350.00,15.00,154.58,2995.42),(401,1416,'2023-02-25',4000.00,0.00,0.00,4000.00,0.10,400.00,22.50,248.25,3351.75),(402,1417,'2023-02-25',2000.00,0.00,0.00,2000.00,0.10,200.00,0.00,0.00,1800.00),(403,1418,'2023-02-25',2500.00,0.00,0.00,2500.00,0.10,250.00,7.50,29.09,2220.91),(404,1419,'2023-02-25',2000.00,0.00,0.00,2000.00,0.10,200.00,0.00,0.00,1800.00),(405,1420,'2023-02-25',2500.00,0.00,0.00,2500.00,0.10,250.00,7.50,29.09,2220.91),(406,1421,'2023-02-25',2500.00,0.00,0.00,2500.00,0.10,250.00,7.50,29.09,2220.91),(407,1422,'2023-02-25',2000.00,0.00,0.00,2000.00,0.10,200.00,0.00,0.00,1800.00),(408,1423,'2023-02-25',2000.00,0.00,0.00,2000.00,0.10,200.00,0.00,0.00,1800.00),(409,1424,'2023-02-25',2500.00,0.00,0.00,2500.00,0.10,250.00,7.50,29.09,2220.91),(410,1425,'2023-02-25',2000.00,0.00,0.00,2000.00,0.10,200.00,0.00,0.00,1800.00),(411,1426,'2023-02-25',2500.00,0.00,0.00,2500.00,0.10,250.00,7.50,29.09,2220.91),(412,1427,'2023-02-25',2000.00,0.00,0.00,2000.00,0.10,200.00,0.00,0.00,1800.00),(413,1428,'2023-02-25',3500.00,0.00,0.00,3500.00,0.10,350.00,15.00,154.58,2995.42),(414,1429,'2023-02-25',4000.00,0.00,0.00,4000.00,0.10,400.00,22.50,248.25,3351.75),(415,1430,'2023-02-25',2000.00,0.00,0.00,2000.00,0.10,200.00,0.00,0.00,1800.00),(416,1431,'2023-02-25',2500.00,0.00,0.00,2500.00,0.10,250.00,7.50,29.09,2220.91),(417,1432,'2023-02-25',2000.00,0.00,0.00,2000.00,0.10,200.00,0.00,0.00,1800.00),(418,1433,'2023-02-25',2000.00,0.00,0.00,2000.00,0.10,200.00,0.00,0.00,1800.00),(419,1434,'2023-02-25',2000.00,0.00,0.00,2000.00,0.10,200.00,0.00,0.00,1800.00),(420,1435,'2023-02-25',2000.00,0.00,0.00,2000.00,0.10,200.00,0.00,0.00,1800.00),(421,1436,'2023-02-25',2000.00,0.00,0.00,2000.00,0.10,200.00,0.00,0.00,1800.00),(422,1437,'2023-02-25',2500.00,0.00,0.00,2500.00,0.10,250.00,7.50,29.09,2220.91),(423,1438,'2023-02-25',2000.00,0.00,0.00,2000.00,0.10,200.00,0.00,0.00,1800.00),(424,1439,'2023-02-25',2500.00,0.00,0.00,2500.00,0.10,250.00,7.50,29.09,2220.91),(425,1440,'2023-02-25',3000.00,0.00,0.00,3000.00,0.10,300.00,15.00,79.58,2620.42),(426,1441,'2023-02-25',3500.00,0.00,0.00,3500.00,0.10,350.00,15.00,154.58,2995.42),(427,1442,'2023-02-25',4000.00,0.00,0.00,4000.00,0.10,400.00,22.50,248.25,3351.75),(428,1443,'2023-02-25',2000.00,0.00,0.00,2000.00,0.10,200.00,0.00,0.00,1800.00),(429,1444,'2023-02-25',2500.00,0.00,0.00,2500.00,0.10,250.00,7.50,29.09,2220.91),(430,1445,'2023-02-25',2000.00,0.00,0.00,2000.00,0.10,200.00,0.00,0.00,1800.00),(431,1446,'2023-02-25',2500.00,0.00,0.00,2500.00,0.10,250.00,7.50,29.09,2220.91),(432,1447,'2023-02-25',4000.00,0.00,0.00,4000.00,0.10,400.00,22.50,248.25,3351.75),(433,1448,'2023-02-25',2500.00,0.00,0.00,2500.00,0.10,250.00,7.50,29.09,2220.91),(434,1449,'2023-02-25',2000.00,0.00,0.00,2000.00,0.10,200.00,0.00,0.00,1800.00),(435,1450,'2023-02-25',3000.00,0.00,0.00,3000.00,0.10,300.00,15.00,79.58,2620.42),(436,1451,'2023-02-25',2000.00,0.00,0.00,2000.00,0.10,200.00,0.00,0.00,1800.00),(437,1452,'2023-02-25',2500.00,0.00,0.00,2500.00,0.10,250.00,7.50,29.09,2220.91),(438,1453,'2023-02-25',2000.00,0.00,0.00,2000.00,0.10,200.00,0.00,0.00,1800.00),(439,1454,'2023-02-25',2500.00,0.00,0.00,2500.00,0.10,250.00,7.50,29.09,2220.91),(440,1455,'2023-02-25',4000.00,0.00,0.00,4000.00,0.10,400.00,22.50,248.25,3351.75),(441,1456,'2023-02-25',2500.00,0.00,0.00,2500.00,0.10,250.00,7.50,29.09,2220.91),(442,1457,'2023-02-25',2000.00,0.00,0.00,2000.00,0.10,200.00,0.00,0.00,1800.00),(443,1458,'2023-02-25',3000.00,0.00,0.00,3000.00,0.10,300.00,15.00,79.58,2620.42),(444,1459,'2023-02-25',2000.00,0.00,0.00,2000.00,0.10,200.00,0.00,0.00,1800.00),(445,1460,'2023-02-25',2500.00,0.00,0.00,2500.00,0.10,250.00,7.50,29.09,2220.91),(446,1461,'2023-02-25',2000.00,0.00,0.00,2000.00,0.10,200.00,0.00,0.00,1800.00),(447,1462,'2023-02-25',2500.00,0.00,0.00,2500.00,0.10,250.00,7.50,29.09,2220.91),(448,1463,'2023-02-25',4000.00,0.00,0.00,4000.00,0.10,400.00,22.50,248.25,3351.75),(449,1464,'2023-02-25',2500.00,0.00,0.00,2500.00,0.10,250.00,7.50,29.09,2220.91),(450,1465,'2023-02-25',2000.00,0.00,0.00,2000.00,0.10,200.00,0.00,0.00,1800.00),(451,1466,'2023-02-25',3000.00,0.00,0.00,3000.00,0.10,300.00,15.00,79.58,2620.42),(452,1467,'2023-02-25',2000.00,0.00,0.00,2000.00,0.10,200.00,0.00,0.00,1800.00),(453,1468,'2023-02-25',2500.00,0.00,0.00,2500.00,0.10,250.00,7.50,29.09,2220.91),(454,1469,'2023-02-25',2000.00,0.00,0.00,2000.00,0.10,200.00,0.00,0.00,1800.00),(455,1470,'2023-02-25',2500.00,0.00,0.00,2500.00,0.10,250.00,7.50,29.09,2220.91),(456,1471,'2023-02-25',4000.00,0.00,0.00,4000.00,0.10,400.00,22.50,248.25,3351.75),(457,1472,'2023-02-25',2500.00,0.00,0.00,2500.00,0.10,250.00,7.50,29.09,2220.91),(458,1473,'2023-02-25',2000.00,0.00,0.00,2000.00,0.10,200.00,0.00,0.00,1800.00),(459,1474,'2023-02-25',3000.00,0.00,0.00,3000.00,0.10,300.00,15.00,79.58,2620.42),(460,1475,'2023-02-25',2000.00,0.00,0.00,2000.00,0.10,200.00,0.00,0.00,1800.00),(461,1476,'2023-02-25',2500.00,0.00,0.00,2500.00,0.10,250.00,7.50,29.09,2220.91),(462,1477,'2023-02-25',2000.00,0.00,0.00,2000.00,0.10,200.00,0.00,0.00,1800.00),(463,1478,'2023-02-25',2500.00,0.00,0.00,2500.00,0.10,250.00,7.50,29.09,2220.91),(464,1479,'2023-02-25',4000.00,0.00,0.00,4000.00,0.10,400.00,22.50,248.25,3351.75),(465,1480,'2023-02-25',2000.00,0.00,0.00,2000.00,0.10,200.00,0.00,0.00,1800.00),(466,1481,'2023-02-25',2500.00,0.00,0.00,2500.00,0.10,250.00,7.50,29.09,2220.91),(467,1482,'2023-02-25',2000.00,0.00,0.00,2000.00,0.10,200.00,0.00,0.00,1800.00),(468,1483,'2023-02-25',2500.00,0.00,0.00,2500.00,0.10,250.00,7.50,29.09,2220.91),(469,1484,'2023-02-25',4000.00,0.00,0.00,4000.00,0.10,400.00,22.50,248.25,3351.75),(470,1485,'2023-02-25',2000.00,0.00,0.00,2000.00,0.10,200.00,0.00,0.00,1800.00),(471,1486,'2023-02-25',2500.00,0.00,0.00,2500.00,0.10,250.00,7.50,29.09,2220.91),(472,1487,'2023-02-25',2000.00,0.00,0.00,2000.00,0.10,200.00,0.00,0.00,1800.00),(473,1488,'2023-02-25',2500.00,0.00,0.00,2500.00,0.10,250.00,7.50,29.09,2220.91),(474,1489,'2023-02-25',4000.00,0.00,0.00,4000.00,0.10,400.00,22.50,248.25,3351.75),(475,1490,'2023-02-25',2000.00,0.00,0.00,2000.00,0.10,200.00,0.00,0.00,1800.00),(476,1491,'2023-02-25',2500.00,0.00,0.00,2500.00,0.10,250.00,7.50,29.09,2220.91),(477,1492,'2023-02-25',2000.00,0.00,0.00,2000.00,0.10,200.00,0.00,0.00,1800.00),(478,1493,'2023-02-25',2500.00,0.00,0.00,2500.00,0.10,250.00,7.50,29.09,2220.91),(479,1494,'2023-02-25',4000.00,0.00,0.00,4000.00,0.10,400.00,22.50,248.25,3351.75),(480,1495,'2023-02-25',2000.00,0.00,0.00,2000.00,0.10,200.00,0.00,0.00,1800.00),(481,1496,'2023-02-25',2500.00,0.00,0.00,2500.00,0.10,250.00,7.50,29.09,2220.91),(482,1497,'2023-02-25',2000.00,0.00,0.00,2000.00,0.10,200.00,0.00,0.00,1800.00),(483,1498,'2023-02-25',2500.00,0.00,0.00,2500.00,0.10,250.00,7.50,29.09,2220.91),(484,1499,'2023-02-25',4000.00,0.00,0.00,4000.00,0.10,400.00,22.50,248.25,3351.75),(485,1500,'2023-02-25',2000.00,0.00,0.00,2000.00,0.10,200.00,0.00,0.00,1800.00),(486,1501,'2023-02-25',2500.00,0.00,0.00,2500.00,0.10,250.00,7.50,29.09,2220.91),(487,1502,'2023-02-25',2000.00,0.00,0.00,2000.00,0.10,200.00,0.00,0.00,1800.00),(488,1503,'2023-02-25',2500.00,0.00,0.00,2500.00,0.10,250.00,7.50,29.09,2220.91),(489,1504,'2023-02-25',4000.00,0.00,0.00,4000.00,0.10,400.00,22.50,248.25,3351.75),(490,1505,'2023-02-25',2500.00,0.00,0.00,2500.00,0.10,250.00,7.50,29.09,2220.91),(491,1506,'2023-02-25',2000.00,0.00,0.00,2000.00,0.10,200.00,0.00,0.00,1800.00),(492,1507,'2023-02-25',3000.00,0.00,0.00,3000.00,0.10,300.00,15.00,79.58,2620.42),(493,1508,'2023-02-25',2000.00,0.00,0.00,2000.00,0.10,200.00,0.00,0.00,1800.00),(494,1509,'2023-02-25',3000.00,0.00,0.00,3000.00,0.10,300.00,15.00,79.58,2620.42),(495,1510,'2023-02-25',2000.00,0.00,0.00,2000.00,0.10,200.00,0.00,0.00,1800.00),(496,1511,'2023-02-25',2500.00,0.00,0.00,2500.00,0.10,250.00,7.50,29.09,2220.91),(497,1512,'2023-02-25',2000.00,0.00,0.00,2000.00,0.10,200.00,0.00,0.00,1800.00),(498,1513,'2023-02-25',2500.00,0.00,0.00,2500.00,0.10,250.00,7.50,29.09,2220.91),(499,1514,'2023-02-25',4000.00,0.00,0.00,4000.00,0.10,400.00,22.50,248.25,3351.75),(500,1515,'2023-02-25',2500.00,0.00,0.00,2500.00,0.10,250.00,7.50,29.09,2220.91),(501,1516,'2023-02-25',2000.00,0.00,0.00,2000.00,0.10,200.00,0.00,0.00,1800.00),(502,1517,'2023-02-25',3000.00,0.00,0.00,3000.00,0.10,300.00,15.00,79.58,2620.42),(503,1518,'2023-02-25',2000.00,0.00,0.00,2000.00,0.10,200.00,0.00,0.00,1800.00),(504,1519,'2023-02-25',2000.00,0.00,0.00,2000.00,0.10,200.00,0.00,0.00,1800.00),(505,1520,'2023-02-25',2500.00,0.00,0.00,2500.00,0.10,250.00,7.50,29.09,2220.91),(506,1521,'2023-02-25',2000.00,0.00,0.00,2000.00,0.10,200.00,0.00,0.00,1800.00),(507,1522,'2023-02-25',2500.00,0.00,0.00,2500.00,0.10,250.00,7.50,29.09,2220.91),(508,1523,'2023-02-25',4000.00,0.00,0.00,4000.00,0.10,400.00,22.50,248.25,3351.75),(509,1524,'2023-02-25',2500.00,0.00,0.00,2500.00,0.10,250.00,7.50,29.09,2220.91),(510,1525,'2023-02-25',2000.00,0.00,0.00,2000.00,0.10,200.00,0.00,0.00,1800.00),(511,1526,'2023-02-25',3000.00,0.00,0.00,3000.00,0.10,300.00,15.00,79.58,2620.42),(512,1527,'2023-02-25',7500.00,0.00,0.00,7500.00,0.10,750.00,27.50,1177.51,5572.49),(513,1528,'2023-02-25',7000.00,0.00,0.00,7000.00,0.10,700.00,27.50,1040.01,5259.99),(514,1529,'2023-02-25',3000.00,0.00,0.00,3000.00,0.10,300.00,15.00,79.58,2620.42),(515,1530,'2023-02-25',3500.00,0.00,0.00,3500.00,0.10,350.00,15.00,154.58,2995.42),(516,1531,'2023-02-25',2000.00,50.00,1000.00,2050.00,0.10,200.00,0.00,0.00,1850.00),(517,1532,'2023-02-25',25000.00,0.00,0.00,25000.00,0.10,2500.00,27.50,5990.01,16509.99),(518,1533,'2023-02-25',4500.00,0.00,0.00,4500.00,0.10,450.00,22.50,360.75,3689.25),(519,1276,'2023-03-25',8500.00,0.00,0.00,8500.00,0.10,850.00,27.50,1452.51,6197.49),(520,1277,'2023-03-25',8500.00,0.00,0.00,8500.00,0.10,850.00,27.50,1452.51,6197.49),(521,1278,'2023-03-25',8000.00,0.00,0.00,8000.00,0.10,800.00,27.50,1315.01,5884.99),(522,1279,'2023-03-25',8000.00,0.00,0.00,8000.00,0.10,800.00,27.50,1315.01,5884.99),(523,1280,'2023-03-25',8000.00,0.00,0.00,8000.00,0.10,800.00,27.50,1315.01,5884.99),(524,1281,'2023-03-25',8000.00,0.00,0.00,8000.00,0.10,800.00,27.50,1315.01,5884.99),(525,1282,'2023-03-25',7500.00,0.00,0.00,7500.00,0.10,750.00,27.50,1177.51,5572.49),(526,1283,'2023-03-25',7500.00,0.00,0.00,7500.00,0.10,750.00,27.50,1177.51,5572.49),(527,1284,'2023-03-25',7500.00,0.00,0.00,7500.00,0.10,750.00,27.50,1177.51,5572.49),(528,1285,'2023-03-25',7500.00,0.00,0.00,7500.00,0.10,750.00,27.50,1177.51,5572.49),(529,1286,'2023-03-25',7500.00,0.00,0.00,7500.00,0.10,750.00,27.50,1177.51,5572.49),(530,1287,'2023-03-25',7500.00,0.00,0.00,7500.00,0.10,750.00,27.50,1177.51,5572.49),(531,1288,'2023-03-25',7000.00,75.00,5250.00,7075.00,0.10,700.00,27.50,1040.01,5334.99),(532,1289,'2023-03-25',7000.00,0.00,0.00,7000.00,0.10,700.00,27.50,1040.01,5259.99),(533,1290,'2023-03-25',7000.00,0.00,0.00,7000.00,0.10,700.00,27.50,1040.01,5259.99),(534,1291,'2023-03-25',7000.00,0.00,0.00,7000.00,0.10,700.00,27.50,1040.01,5259.99),(535,1292,'2023-03-25',7000.00,0.00,0.00,7000.00,0.10,700.00,27.50,1040.01,5259.99),(536,1293,'2023-03-25',7000.00,0.00,0.00,7000.00,0.10,700.00,27.50,1040.01,5259.99),(537,1294,'2023-03-25',6500.00,0.00,0.00,6500.00,0.10,650.00,27.50,902.51,4947.49),(538,1295,'2023-03-25',6000.00,0.00,0.00,6000.00,0.10,600.00,27.50,765.01,4634.99),(539,1296,'2023-03-25',4500.00,0.00,0.00,4500.00,0.10,450.00,22.50,360.75,3689.25),(540,1297,'2023-03-25',4500.00,0.00,0.00,4500.00,0.10,450.00,22.50,360.75,3689.25),(541,1298,'2023-03-25',6000.00,0.00,0.00,6000.00,0.10,600.00,27.50,765.01,4634.99),(542,1299,'2023-03-25',6500.00,0.00,0.00,6500.00,0.10,650.00,27.50,902.51,4947.49),(543,1300,'2023-03-25',6500.00,0.00,0.00,6500.00,0.10,650.00,27.50,902.51,4947.49),(544,1301,'2023-03-25',6000.00,0.00,0.00,6000.00,0.10,600.00,27.50,765.01,4634.99),(545,1302,'2023-03-25',4500.00,0.00,0.00,4500.00,0.10,450.00,22.50,360.75,3689.25),(546,1303,'2023-03-25',4500.00,0.00,0.00,4500.00,0.10,450.00,22.50,360.75,3689.25),(547,1304,'2023-03-25',6000.00,0.00,0.00,6000.00,0.10,600.00,27.50,765.01,4634.99),(548,1305,'2023-03-25',6500.00,0.00,0.00,6500.00,0.10,650.00,27.50,902.51,4947.49),(549,1306,'2023-03-25',6000.00,0.00,0.00,6000.00,0.10,600.00,27.50,765.01,4634.99),(550,1307,'2023-03-25',4500.00,0.00,0.00,4500.00,0.10,450.00,22.50,360.75,3689.25),(551,1308,'2023-03-25',6000.00,0.00,0.00,6000.00,0.10,600.00,27.50,765.01,4634.99),(552,1309,'2023-03-25',6500.00,0.00,0.00,6500.00,0.10,650.00,27.50,902.51,4947.49),(553,1310,'2023-03-25',6500.00,0.00,0.00,6500.00,0.10,650.00,27.50,902.51,4947.49),(554,1311,'2023-03-25',6000.00,0.00,0.00,6000.00,0.10,600.00,27.50,765.01,4634.99),(555,1312,'2023-03-25',4500.00,0.00,0.00,4500.00,0.10,450.00,22.50,360.75,3689.25),(556,1313,'2023-03-25',6500.00,0.00,0.00,6500.00,0.10,650.00,27.50,902.51,4947.49),(557,1314,'2023-03-25',6000.00,0.00,0.00,6000.00,0.10,600.00,27.50,765.01,4634.99),(558,1315,'2023-03-25',4500.00,0.00,0.00,4500.00,0.10,450.00,22.50,360.75,3689.25),(559,1316,'2023-03-25',6500.00,0.00,0.00,6500.00,0.10,650.00,27.50,902.51,4947.49),(560,1317,'2023-03-25',6500.00,0.00,0.00,6500.00,0.10,650.00,27.50,902.51,4947.49),(561,1318,'2023-03-25',4500.00,0.00,0.00,4500.00,0.10,450.00,22.50,360.75,3689.25),(562,1319,'2023-03-25',4500.00,0.00,0.00,4500.00,0.10,450.00,22.50,360.75,3689.25),(563,1320,'2023-03-25',6000.00,0.00,0.00,6000.00,0.10,600.00,27.50,765.01,4634.99),(564,1321,'2023-03-25',6500.00,0.00,0.00,6500.00,0.10,650.00,27.50,902.51,4947.49),(565,1322,'2023-03-25',4500.00,0.00,0.00,4500.00,0.10,450.00,22.50,360.75,3689.25),(566,1323,'2023-03-25',6000.00,0.00,0.00,6000.00,0.10,600.00,27.50,765.01,4634.99),(567,1324,'2023-03-25',6500.00,0.00,0.00,6500.00,0.10,650.00,27.50,902.51,4947.49),(568,1325,'2023-03-25',4500.00,0.00,0.00,4500.00,0.10,450.00,22.50,360.75,3689.25),(569,1326,'2023-03-25',6000.00,0.00,0.00,6000.00,0.10,600.00,27.50,765.01,4634.99),(570,1327,'2023-03-25',6000.00,0.00,0.00,6000.00,0.10,600.00,27.50,765.01,4634.99),(571,1328,'2023-03-25',6500.00,0.00,0.00,6500.00,0.10,650.00,27.50,902.51,4947.49),(572,1329,'2023-03-25',6500.00,0.00,0.00,6500.00,0.10,650.00,27.50,902.51,4947.49),(573,1330,'2023-03-25',4500.00,0.00,0.00,4500.00,0.10,450.00,22.50,360.75,3689.25),(574,1331,'2023-03-25',4500.00,0.00,0.00,4500.00,0.10,450.00,22.50,360.75,3689.25),(575,1332,'2023-03-25',6500.00,0.00,0.00,6500.00,0.10,650.00,27.50,902.51,4947.49),(576,1333,'2023-03-25',6000.00,0.00,0.00,6000.00,0.10,600.00,27.50,765.01,4634.99),(577,1334,'2023-03-25',4500.00,0.00,0.00,4500.00,0.10,450.00,22.50,360.75,3689.25),(578,1335,'2023-03-25',6500.00,0.00,0.00,6500.00,0.10,650.00,27.50,902.51,4947.49),(579,1336,'2023-03-25',6000.00,0.00,0.00,6000.00,0.10,600.00,27.50,765.01,4634.99),(580,1337,'2023-03-25',4500.00,0.00,0.00,4500.00,0.10,450.00,22.50,360.75,3689.25),(581,1338,'2023-03-25',6500.00,0.00,0.00,6500.00,0.10,650.00,27.50,902.51,4947.49),(582,1339,'2023-03-25',4500.00,0.00,0.00,4500.00,0.10,450.00,22.50,360.75,3689.25),(583,1340,'2023-03-25',6000.00,0.00,0.00,6000.00,0.10,600.00,27.50,765.01,4634.99),(584,1341,'2023-03-25',6500.00,0.00,0.00,6500.00,0.10,650.00,27.50,902.51,4947.49),(585,1342,'2023-03-25',4500.00,0.00,0.00,4500.00,0.10,450.00,22.50,360.75,3689.25),(586,1343,'2023-03-25',6000.00,0.00,0.00,6000.00,0.10,600.00,27.50,765.01,4634.99),(587,1344,'2023-03-25',6500.00,0.00,0.00,6500.00,0.10,650.00,27.50,902.51,4947.49),(588,1345,'2023-03-25',6500.00,0.00,0.00,6500.00,0.10,650.00,27.50,902.51,4947.49),(589,1346,'2023-03-25',4500.00,0.00,0.00,4500.00,0.10,450.00,22.50,360.75,3689.25),(590,1347,'2023-03-25',4500.00,0.00,0.00,4500.00,0.10,450.00,22.50,360.75,3689.25),(591,1348,'2023-03-25',6000.00,0.00,0.00,6000.00,0.10,600.00,27.50,765.01,4634.99),(592,1349,'2023-03-25',6500.00,0.00,0.00,6500.00,0.10,650.00,27.50,902.51,4947.49),(593,1350,'2023-03-25',4500.00,0.00,0.00,4500.00,0.10,450.00,22.50,360.75,3689.25),(594,1351,'2023-03-25',6000.00,0.00,0.00,6000.00,0.10,600.00,27.50,765.01,4634.99),(595,1352,'2023-03-25',4500.00,0.00,0.00,4500.00,0.10,450.00,22.50,360.75,3689.25),(596,1353,'2023-03-25',6500.00,0.00,0.00,6500.00,0.10,650.00,27.50,902.51,4947.49),(597,1354,'2023-03-25',6000.00,0.00,0.00,6000.00,0.10,600.00,27.50,765.01,4634.99),(598,1355,'2023-03-25',4500.00,0.00,0.00,4500.00,0.10,450.00,22.50,360.75,3689.25),(599,1356,'2023-03-25',6000.00,0.00,0.00,6000.00,0.10,600.00,27.50,765.01,4634.99),(600,1357,'2023-03-25',6500.00,0.00,0.00,6500.00,0.10,650.00,27.50,902.51,4947.49),(601,1358,'2023-03-25',6000.00,0.00,0.00,6000.00,0.10,600.00,27.50,765.01,4634.99),(602,1359,'2023-03-25',4500.00,0.00,0.00,4500.00,0.10,450.00,22.50,360.75,3689.25),(603,1360,'2023-03-25',4500.00,0.00,0.00,4500.00,0.10,450.00,22.50,360.75,3689.25),(604,1361,'2023-03-25',6000.00,0.00,0.00,6000.00,0.10,600.00,27.50,765.01,4634.99),(605,1362,'2023-03-25',6500.00,0.00,0.00,6500.00,0.10,650.00,27.50,902.51,4947.49),(606,1363,'2023-03-25',6500.00,0.00,0.00,6500.00,0.10,650.00,27.50,902.51,4947.49),(607,1364,'2023-03-25',6000.00,0.00,0.00,6000.00,0.10,600.00,27.50,765.01,4634.99),(608,1365,'2023-03-25',4500.00,0.00,0.00,4500.00,0.10,450.00,22.50,360.75,3689.25),(609,1366,'2023-03-25',2000.00,0.00,0.00,2000.00,0.10,200.00,0.00,0.00,1800.00),(610,1367,'2023-03-25',2500.00,0.00,0.00,2500.00,0.10,250.00,7.50,29.09,2220.91),(611,1368,'2023-03-25',2000.00,0.00,0.00,2000.00,0.10,200.00,0.00,0.00,1800.00),(612,1369,'2023-03-25',2500.00,0.00,0.00,2500.00,0.10,250.00,7.50,29.09,2220.91),(613,1370,'2023-03-25',2000.00,0.00,0.00,2000.00,0.10,200.00,0.00,0.00,1800.00),(614,1371,'2023-03-25',2500.00,0.00,0.00,2500.00,0.10,250.00,7.50,29.09,2220.91),(615,1372,'2023-03-25',2000.00,0.00,0.00,2000.00,0.10,200.00,0.00,0.00,1800.00),(616,1373,'2023-03-25',2500.00,0.00,0.00,2500.00,0.10,250.00,7.50,29.09,2220.91),(617,1374,'2023-03-25',2000.00,0.00,0.00,2000.00,0.10,200.00,0.00,0.00,1800.00),(618,1375,'2023-03-25',2000.00,0.00,0.00,2000.00,0.10,200.00,0.00,0.00,1800.00),(619,1376,'2023-03-25',3000.00,0.00,0.00,3000.00,0.10,300.00,15.00,79.58,2620.42),(620,1377,'2023-03-25',3500.00,0.00,0.00,3500.00,0.10,350.00,15.00,154.58,2995.42),(621,1378,'2023-03-25',4000.00,0.00,0.00,4000.00,0.10,400.00,22.50,248.25,3351.75),(622,1379,'2023-03-25',2000.00,0.00,0.00,2000.00,0.10,200.00,0.00,0.00,1800.00),(623,1380,'2023-03-25',2500.00,0.00,0.00,2500.00,0.10,250.00,7.50,29.09,2220.91),(624,1381,'2023-03-25',2500.00,0.00,0.00,2500.00,0.10,250.00,7.50,29.09,2220.91),(625,1382,'2023-03-25',2500.00,0.00,0.00,2500.00,0.10,250.00,7.50,29.09,2220.91),(626,1383,'2023-03-25',2000.00,0.00,0.00,2000.00,0.10,200.00,0.00,0.00,1800.00),(627,1384,'2023-03-25',2500.00,0.00,0.00,2500.00,0.10,250.00,7.50,29.09,2220.91),(628,1385,'2023-03-25',2000.00,0.00,0.00,2000.00,0.10,200.00,0.00,0.00,1800.00),(629,1386,'2023-03-25',2500.00,0.00,0.00,2500.00,0.10,250.00,7.50,29.09,2220.91),(630,1387,'2023-03-25',2000.00,0.00,0.00,2000.00,0.10,200.00,0.00,0.00,1800.00),(631,1388,'2023-03-25',2500.00,0.00,0.00,2500.00,0.10,250.00,7.50,29.09,2220.91),(632,1389,'2023-03-25',2500.00,0.00,0.00,2500.00,0.10,250.00,7.50,29.09,2220.91),(633,1390,'2023-03-25',4000.00,0.00,0.00,4000.00,0.10,400.00,22.50,248.25,3351.75),(634,1391,'2023-03-25',2000.00,0.00,0.00,2000.00,0.10,200.00,0.00,0.00,1800.00),(635,1392,'2023-03-25',2500.00,0.00,0.00,2500.00,0.10,250.00,7.50,29.09,2220.91),(636,1393,'2023-03-25',2500.00,0.00,0.00,2500.00,0.10,250.00,7.50,29.09,2220.91),(637,1394,'2023-03-25',2000.00,0.00,0.00,2000.00,0.10,200.00,0.00,0.00,1800.00),(638,1395,'2023-03-25',2000.00,0.00,0.00,2000.00,0.10,200.00,0.00,0.00,1800.00),(639,1396,'2023-03-25',2500.00,0.00,0.00,2500.00,0.10,250.00,7.50,29.09,2220.91),(640,1397,'2023-03-25',2000.00,0.00,0.00,2000.00,0.10,200.00,0.00,0.00,1800.00),(641,1398,'2023-03-25',2500.00,0.00,0.00,2500.00,0.10,250.00,7.50,29.09,2220.91),(642,1399,'2023-03-25',2000.00,0.00,0.00,2000.00,0.10,200.00,0.00,0.00,1800.00),(643,1400,'2023-03-25',2500.00,0.00,0.00,2500.00,0.10,250.00,7.50,29.09,2220.91),(644,1401,'2023-03-25',2000.00,0.00,0.00,2000.00,0.10,200.00,0.00,0.00,1800.00),(645,1402,'2023-03-25',3500.00,0.00,0.00,3500.00,0.10,350.00,15.00,154.58,2995.42),(646,1403,'2023-03-25',2000.00,0.00,0.00,2000.00,0.10,200.00,0.00,0.00,1800.00),(647,1404,'2023-03-25',2000.00,0.00,0.00,2000.00,0.10,200.00,0.00,0.00,1800.00),(648,1405,'2023-03-25',2500.00,0.00,0.00,2500.00,0.10,250.00,7.50,29.09,2220.91),(649,1406,'2023-03-25',2000.00,0.00,0.00,2000.00,0.10,200.00,0.00,0.00,1800.00),(650,1407,'2023-03-25',2500.00,0.00,0.00,2500.00,0.10,250.00,7.50,29.09,2220.91),(651,1408,'2023-03-25',2000.00,0.00,0.00,2000.00,0.10,200.00,0.00,0.00,1800.00),(652,1409,'2023-03-25',2500.00,0.00,0.00,2500.00,0.10,250.00,7.50,29.09,2220.91),(653,1410,'2023-03-25',2000.00,0.00,0.00,2000.00,0.10,200.00,0.00,0.00,1800.00),(654,1411,'2023-03-25',2500.00,0.00,0.00,2500.00,0.10,250.00,7.50,29.09,2220.91),(655,1412,'2023-03-25',2000.00,0.00,0.00,2000.00,0.10,200.00,0.00,0.00,1800.00),(656,1413,'2023-03-25',2500.00,0.00,0.00,2500.00,0.10,250.00,7.50,29.09,2220.91),(657,1414,'2023-03-25',3000.00,0.00,0.00,3000.00,0.10,300.00,15.00,79.58,2620.42),(658,1415,'2023-03-25',3500.00,0.00,0.00,3500.00,0.10,350.00,15.00,154.58,2995.42),(659,1416,'2023-03-25',4000.00,0.00,0.00,4000.00,0.10,400.00,22.50,248.25,3351.75),(660,1417,'2023-03-25',2000.00,0.00,0.00,2000.00,0.10,200.00,0.00,0.00,1800.00),(661,1418,'2023-03-25',2500.00,0.00,0.00,2500.00,0.10,250.00,7.50,29.09,2220.91),(662,1419,'2023-03-25',2000.00,0.00,0.00,2000.00,0.10,200.00,0.00,0.00,1800.00),(663,1420,'2023-03-25',2500.00,0.00,0.00,2500.00,0.10,250.00,7.50,29.09,2220.91),(664,1421,'2023-03-25',2500.00,0.00,0.00,2500.00,0.10,250.00,7.50,29.09,2220.91),(665,1422,'2023-03-25',2000.00,0.00,0.00,2000.00,0.10,200.00,0.00,0.00,1800.00),(666,1423,'2023-03-25',2000.00,0.00,0.00,2000.00,0.10,200.00,0.00,0.00,1800.00),(667,1424,'2023-03-25',2500.00,0.00,0.00,2500.00,0.10,250.00,7.50,29.09,2220.91),(668,1425,'2023-03-25',2000.00,0.00,0.00,2000.00,0.10,200.00,0.00,0.00,1800.00),(669,1426,'2023-03-25',2500.00,0.00,0.00,2500.00,0.10,250.00,7.50,29.09,2220.91),(670,1427,'2023-03-25',2000.00,0.00,0.00,2000.00,0.10,200.00,0.00,0.00,1800.00),(671,1428,'2023-03-25',3500.00,0.00,0.00,3500.00,0.10,350.00,15.00,154.58,2995.42),(672,1429,'2023-03-25',4000.00,0.00,0.00,4000.00,0.10,400.00,22.50,248.25,3351.75),(673,1430,'2023-03-25',2000.00,0.00,0.00,2000.00,0.10,200.00,0.00,0.00,1800.00),(674,1431,'2023-03-25',2500.00,0.00,0.00,2500.00,0.10,250.00,7.50,29.09,2220.91),(675,1432,'2023-03-25',2000.00,0.00,0.00,2000.00,0.10,200.00,0.00,0.00,1800.00),(676,1433,'2023-03-25',2000.00,0.00,0.00,2000.00,0.10,200.00,0.00,0.00,1800.00),(677,1434,'2023-03-25',2000.00,0.00,0.00,2000.00,0.10,200.00,0.00,0.00,1800.00),(678,1435,'2023-03-25',2000.00,0.00,0.00,2000.00,0.10,200.00,0.00,0.00,1800.00),(679,1436,'2023-03-25',2000.00,0.00,0.00,2000.00,0.10,200.00,0.00,0.00,1800.00),(680,1437,'2023-03-25',2500.00,0.00,0.00,2500.00,0.10,250.00,7.50,29.09,2220.91),(681,1438,'2023-03-25',2000.00,0.00,0.00,2000.00,0.10,200.00,0.00,0.00,1800.00),(682,1439,'2023-03-25',2500.00,0.00,0.00,2500.00,0.10,250.00,7.50,29.09,2220.91),(683,1440,'2023-03-25',3000.00,0.00,0.00,3000.00,0.10,300.00,15.00,79.58,2620.42),(684,1441,'2023-03-25',3500.00,0.00,0.00,3500.00,0.10,350.00,15.00,154.58,2995.42),(685,1442,'2023-03-25',4000.00,0.00,0.00,4000.00,0.10,400.00,22.50,248.25,3351.75),(686,1443,'2023-03-25',2000.00,0.00,0.00,2000.00,0.10,200.00,0.00,0.00,1800.00),(687,1444,'2023-03-25',2500.00,0.00,0.00,2500.00,0.10,250.00,7.50,29.09,2220.91),(688,1445,'2023-03-25',2000.00,0.00,0.00,2000.00,0.10,200.00,0.00,0.00,1800.00),(689,1446,'2023-03-25',2500.00,0.00,0.00,2500.00,0.10,250.00,7.50,29.09,2220.91),(690,1447,'2023-03-25',4000.00,0.00,0.00,4000.00,0.10,400.00,22.50,248.25,3351.75),(691,1448,'2023-03-25',2500.00,0.00,0.00,2500.00,0.10,250.00,7.50,29.09,2220.91),(692,1449,'2023-03-25',2000.00,0.00,0.00,2000.00,0.10,200.00,0.00,0.00,1800.00),(693,1450,'2023-03-25',3000.00,0.00,0.00,3000.00,0.10,300.00,15.00,79.58,2620.42),(694,1451,'2023-03-25',2000.00,0.00,0.00,2000.00,0.10,200.00,0.00,0.00,1800.00),(695,1452,'2023-03-25',2500.00,0.00,0.00,2500.00,0.10,250.00,7.50,29.09,2220.91),(696,1453,'2023-03-25',2000.00,0.00,0.00,2000.00,0.10,200.00,0.00,0.00,1800.00),(697,1454,'2023-03-25',2500.00,0.00,0.00,2500.00,0.10,250.00,7.50,29.09,2220.91),(698,1455,'2023-03-25',4000.00,0.00,0.00,4000.00,0.10,400.00,22.50,248.25,3351.75),(699,1456,'2023-03-25',2500.00,0.00,0.00,2500.00,0.10,250.00,7.50,29.09,2220.91),(700,1457,'2023-03-25',2000.00,0.00,0.00,2000.00,0.10,200.00,0.00,0.00,1800.00),(701,1458,'2023-03-25',3000.00,0.00,0.00,3000.00,0.10,300.00,15.00,79.58,2620.42),(702,1459,'2023-03-25',2000.00,0.00,0.00,2000.00,0.10,200.00,0.00,0.00,1800.00),(703,1460,'2023-03-25',2500.00,0.00,0.00,2500.00,0.10,250.00,7.50,29.09,2220.91),(704,1461,'2023-03-25',2000.00,0.00,0.00,2000.00,0.10,200.00,0.00,0.00,1800.00),(705,1462,'2023-03-25',2500.00,0.00,0.00,2500.00,0.10,250.00,7.50,29.09,2220.91),(706,1463,'2023-03-25',4000.00,0.00,0.00,4000.00,0.10,400.00,22.50,248.25,3351.75),(707,1464,'2023-03-25',2500.00,0.00,0.00,2500.00,0.10,250.00,7.50,29.09,2220.91),(708,1465,'2023-03-25',2000.00,0.00,0.00,2000.00,0.10,200.00,0.00,0.00,1800.00),(709,1466,'2023-03-25',3000.00,0.00,0.00,3000.00,0.10,300.00,15.00,79.58,2620.42),(710,1467,'2023-03-25',2000.00,0.00,0.00,2000.00,0.10,200.00,0.00,0.00,1800.00),(711,1468,'2023-03-25',2500.00,0.00,0.00,2500.00,0.10,250.00,7.50,29.09,2220.91),(712,1469,'2023-03-25',2000.00,0.00,0.00,2000.00,0.10,200.00,0.00,0.00,1800.00),(713,1470,'2023-03-25',2500.00,0.00,0.00,2500.00,0.10,250.00,7.50,29.09,2220.91),(714,1471,'2023-03-25',4000.00,0.00,0.00,4000.00,0.10,400.00,22.50,248.25,3351.75),(715,1472,'2023-03-25',2500.00,0.00,0.00,2500.00,0.10,250.00,7.50,29.09,2220.91),(716,1473,'2023-03-25',2000.00,0.00,0.00,2000.00,0.10,200.00,0.00,0.00,1800.00),(717,1474,'2023-03-25',3000.00,0.00,0.00,3000.00,0.10,300.00,15.00,79.58,2620.42),(718,1475,'2023-03-25',2000.00,0.00,0.00,2000.00,0.10,200.00,0.00,0.00,1800.00),(719,1476,'2023-03-25',2500.00,0.00,0.00,2500.00,0.10,250.00,7.50,29.09,2220.91),(720,1477,'2023-03-25',2000.00,0.00,0.00,2000.00,0.10,200.00,0.00,0.00,1800.00),(721,1478,'2023-03-25',2500.00,0.00,0.00,2500.00,0.10,250.00,7.50,29.09,2220.91),(722,1479,'2023-03-25',4000.00,0.00,0.00,4000.00,0.10,400.00,22.50,248.25,3351.75),(723,1480,'2023-03-25',2000.00,0.00,0.00,2000.00,0.10,200.00,0.00,0.00,1800.00),(724,1481,'2023-03-25',2500.00,0.00,0.00,2500.00,0.10,250.00,7.50,29.09,2220.91),(725,1482,'2023-03-25',2000.00,0.00,0.00,2000.00,0.10,200.00,0.00,0.00,1800.00),(726,1483,'2023-03-25',2500.00,0.00,0.00,2500.00,0.10,250.00,7.50,29.09,2220.91),(727,1484,'2023-03-25',4000.00,0.00,0.00,4000.00,0.10,400.00,22.50,248.25,3351.75),(728,1485,'2023-03-25',2000.00,0.00,0.00,2000.00,0.10,200.00,0.00,0.00,1800.00),(729,1486,'2023-03-25',2500.00,0.00,0.00,2500.00,0.10,250.00,7.50,29.09,2220.91),(730,1487,'2023-03-25',2000.00,0.00,0.00,2000.00,0.10,200.00,0.00,0.00,1800.00),(731,1488,'2023-03-25',2500.00,0.00,0.00,2500.00,0.10,250.00,7.50,29.09,2220.91),(732,1489,'2023-03-25',4000.00,0.00,0.00,4000.00,0.10,400.00,22.50,248.25,3351.75),(733,1490,'2023-03-25',2000.00,0.00,0.00,2000.00,0.10,200.00,0.00,0.00,1800.00),(734,1491,'2023-03-25',2500.00,0.00,0.00,2500.00,0.10,250.00,7.50,29.09,2220.91),(735,1492,'2023-03-25',2000.00,0.00,0.00,2000.00,0.10,200.00,0.00,0.00,1800.00),(736,1493,'2023-03-25',2500.00,0.00,0.00,2500.00,0.10,250.00,7.50,29.09,2220.91),(737,1494,'2023-03-25',4000.00,0.00,0.00,4000.00,0.10,400.00,22.50,248.25,3351.75),(738,1495,'2023-03-25',2000.00,0.00,0.00,2000.00,0.10,200.00,0.00,0.00,1800.00),(739,1496,'2023-03-25',2500.00,0.00,0.00,2500.00,0.10,250.00,7.50,29.09,2220.91),(740,1497,'2023-03-25',2000.00,0.00,0.00,2000.00,0.10,200.00,0.00,0.00,1800.00),(741,1498,'2023-03-25',2500.00,0.00,0.00,2500.00,0.10,250.00,7.50,29.09,2220.91),(742,1499,'2023-03-25',4000.00,0.00,0.00,4000.00,0.10,400.00,22.50,248.25,3351.75),(743,1500,'2023-03-25',2000.00,0.00,0.00,2000.00,0.10,200.00,0.00,0.00,1800.00),(744,1501,'2023-03-25',2500.00,0.00,0.00,2500.00,0.10,250.00,7.50,29.09,2220.91),(745,1502,'2023-03-25',2000.00,0.00,0.00,2000.00,0.10,200.00,0.00,0.00,1800.00),(746,1503,'2023-03-25',2500.00,0.00,0.00,2500.00,0.10,250.00,7.50,29.09,2220.91),(747,1504,'2023-03-25',4000.00,0.00,0.00,4000.00,0.10,400.00,22.50,248.25,3351.75),(748,1505,'2023-03-25',2500.00,0.00,0.00,2500.00,0.10,250.00,7.50,29.09,2220.91),(749,1506,'2023-03-25',2000.00,0.00,0.00,2000.00,0.10,200.00,0.00,0.00,1800.00),(750,1507,'2023-03-25',3000.00,0.00,0.00,3000.00,0.10,300.00,15.00,79.58,2620.42),(751,1508,'2023-03-25',2000.00,0.00,0.00,2000.00,0.10,200.00,0.00,0.00,1800.00),(752,1509,'2023-03-25',3000.00,0.00,0.00,3000.00,0.10,300.00,15.00,79.58,2620.42),(753,1510,'2023-03-25',2000.00,0.00,0.00,2000.00,0.10,200.00,0.00,0.00,1800.00),(754,1511,'2023-03-25',2500.00,0.00,0.00,2500.00,0.10,250.00,7.50,29.09,2220.91),(755,1512,'2023-03-25',2000.00,0.00,0.00,2000.00,0.10,200.00,0.00,0.00,1800.00),(756,1513,'2023-03-25',2500.00,0.00,0.00,2500.00,0.10,250.00,7.50,29.09,2220.91),(757,1514,'2023-03-25',4000.00,0.00,0.00,4000.00,0.10,400.00,22.50,248.25,3351.75),(758,1515,'2023-03-25',2500.00,0.00,0.00,2500.00,0.10,250.00,7.50,29.09,2220.91),(759,1516,'2023-03-25',2000.00,0.00,0.00,2000.00,0.10,200.00,0.00,0.00,1800.00),(760,1517,'2023-03-25',3000.00,0.00,0.00,3000.00,0.10,300.00,15.00,79.58,2620.42),(761,1518,'2023-03-25',2000.00,0.00,0.00,2000.00,0.10,200.00,0.00,0.00,1800.00),(762,1519,'2023-03-25',2000.00,0.00,0.00,2000.00,0.10,200.00,0.00,0.00,1800.00),(763,1520,'2023-03-25',2500.00,0.00,0.00,2500.00,0.10,250.00,7.50,29.09,2220.91),(764,1521,'2023-03-25',2000.00,0.00,0.00,2000.00,0.10,200.00,0.00,0.00,1800.00),(765,1522,'2023-03-25',2500.00,0.00,0.00,2500.00,0.10,250.00,7.50,29.09,2220.91),(766,1523,'2023-03-25',4000.00,0.00,0.00,4000.00,0.10,400.00,22.50,248.25,3351.75),(767,1524,'2023-03-25',2500.00,0.00,0.00,2500.00,0.10,250.00,7.50,29.09,2220.91),(768,1525,'2023-03-25',2000.00,0.00,0.00,2000.00,0.10,200.00,0.00,0.00,1800.00),(769,1526,'2023-03-25',3000.00,0.00,0.00,3000.00,0.10,300.00,15.00,79.58,2620.42),(770,1527,'2023-03-25',7500.00,0.00,0.00,7500.00,0.10,750.00,27.50,1177.51,5572.49),(771,1528,'2023-03-25',7000.00,0.00,0.00,7000.00,0.10,700.00,27.50,1040.01,5259.99),(772,1529,'2023-03-25',3000.00,0.00,0.00,3000.00,0.10,300.00,15.00,79.58,2620.42),(773,1530,'2023-03-25',3500.00,0.00,0.00,3500.00,0.10,350.00,15.00,154.58,2995.42),(774,1531,'2023-03-25',2000.00,0.00,0.00,2000.00,0.10,200.00,0.00,0.00,1800.00),(775,1532,'2023-03-25',25000.00,0.00,0.00,25000.00,0.10,2500.00,27.50,5990.01,16509.99),(776,1533,'2023-03-25',4500.00,0.00,0.00,4500.00,0.10,450.00,22.50,360.75,3689.25),(777,1276,'2023-04-25',8500.00,0.00,0.00,8500.00,0.10,850.00,27.50,1452.51,6197.49),(778,1277,'2023-04-25',8500.00,0.00,0.00,8500.00,0.10,850.00,27.50,1452.51,6197.49),(779,1278,'2023-04-25',8000.00,0.00,0.00,8000.00,0.10,800.00,27.50,1315.01,5884.99),(780,1279,'2023-04-25',8000.00,0.00,0.00,8000.00,0.10,800.00,27.50,1315.01,5884.99),(781,1280,'2023-04-25',8000.00,0.00,0.00,8000.00,0.10,800.00,27.50,1315.01,5884.99),(782,1281,'2023-04-25',8000.00,0.00,0.00,8000.00,0.10,800.00,27.50,1315.01,5884.99),(783,1282,'2023-04-25',7500.00,0.00,0.00,7500.00,0.10,750.00,27.50,1177.51,5572.49),(784,1283,'2023-04-25',7500.00,0.00,0.00,7500.00,0.10,750.00,27.50,1177.51,5572.49),(785,1284,'2023-04-25',7500.00,0.00,0.00,7500.00,0.10,750.00,27.50,1177.51,5572.49),(786,1285,'2023-04-25',7500.00,0.00,0.00,7500.00,0.10,750.00,27.50,1177.51,5572.49),(787,1286,'2023-04-25',7500.00,0.00,0.00,7500.00,0.10,750.00,27.50,1177.51,5572.49),(788,1287,'2023-04-25',7500.00,0.00,0.00,7500.00,0.10,750.00,27.50,1177.51,5572.49),(789,1288,'2023-04-25',7000.00,0.00,0.00,7000.00,0.10,700.00,27.50,1040.01,5259.99),(790,1289,'2023-04-25',7000.00,0.00,0.00,7000.00,0.10,700.00,27.50,1040.01,5259.99),(791,1290,'2023-04-25',7000.00,0.00,0.00,7000.00,0.10,700.00,27.50,1040.01,5259.99),(792,1291,'2023-04-25',7000.00,0.00,0.00,7000.00,0.10,700.00,27.50,1040.01,5259.99),(793,1292,'2023-04-25',7000.00,0.00,0.00,7000.00,0.10,700.00,27.50,1040.01,5259.99),(794,1293,'2023-04-25',7000.00,0.00,0.00,7000.00,0.10,700.00,27.50,1040.01,5259.99),(795,1294,'2023-04-25',6500.00,0.00,0.00,6500.00,0.10,650.00,27.50,902.51,4947.49),(796,1295,'2023-04-25',6000.00,0.00,0.00,6000.00,0.10,600.00,27.50,765.01,4634.99),(797,1296,'2023-04-25',4500.00,0.00,0.00,4500.00,0.10,450.00,22.50,360.75,3689.25),(798,1297,'2023-04-25',4500.00,0.00,0.00,4500.00,0.10,450.00,22.50,360.75,3689.25),(799,1298,'2023-04-25',6000.00,0.00,0.00,6000.00,0.10,600.00,27.50,765.01,4634.99),(800,1299,'2023-04-25',6500.00,0.00,0.00,6500.00,0.10,650.00,27.50,902.51,4947.49),(801,1300,'2023-04-25',6500.00,0.00,0.00,6500.00,0.10,650.00,27.50,902.51,4947.49),(802,1301,'2023-04-25',6000.00,0.00,0.00,6000.00,0.10,600.00,27.50,765.01,4634.99),(803,1302,'2023-04-25',4500.00,0.00,0.00,4500.00,0.10,450.00,22.50,360.75,3689.25),(804,1303,'2023-04-25',4500.00,0.00,0.00,4500.00,0.10,450.00,22.50,360.75,3689.25),(805,1304,'2023-04-25',6000.00,0.00,0.00,6000.00,0.10,600.00,27.50,765.01,4634.99),(806,1305,'2023-04-25',6500.00,0.00,0.00,6500.00,0.10,650.00,27.50,902.51,4947.49),(807,1306,'2023-04-25',6000.00,0.00,0.00,6000.00,0.10,600.00,27.50,765.01,4634.99),(808,1307,'2023-04-25',4500.00,0.00,0.00,4500.00,0.10,450.00,22.50,360.75,3689.25),(809,1308,'2023-04-25',6000.00,0.00,0.00,6000.00,0.10,600.00,27.50,765.01,4634.99),(810,1309,'2023-04-25',6500.00,0.00,0.00,6500.00,0.10,650.00,27.50,902.51,4947.49),(811,1310,'2023-04-25',6500.00,0.00,0.00,6500.00,0.10,650.00,27.50,902.51,4947.49),(812,1311,'2023-04-25',6000.00,0.00,0.00,6000.00,0.10,600.00,27.50,765.01,4634.99),(813,1312,'2023-04-25',4500.00,0.00,0.00,4500.00,0.10,450.00,22.50,360.75,3689.25),(814,1313,'2023-04-25',6500.00,0.00,0.00,6500.00,0.10,650.00,27.50,902.51,4947.49),(815,1314,'2023-04-25',6000.00,0.00,0.00,6000.00,0.10,600.00,27.50,765.01,4634.99),(816,1315,'2023-04-25',4500.00,0.00,0.00,4500.00,0.10,450.00,22.50,360.75,3689.25),(817,1316,'2023-04-25',6500.00,0.00,0.00,6500.00,0.10,650.00,27.50,902.51,4947.49),(818,1317,'2023-04-25',6500.00,0.00,0.00,6500.00,0.10,650.00,27.50,902.51,4947.49),(819,1318,'2023-04-25',4500.00,0.00,0.00,4500.00,0.10,450.00,22.50,360.75,3689.25),(820,1319,'2023-04-25',4500.00,0.00,0.00,4500.00,0.10,450.00,22.50,360.75,3689.25),(821,1320,'2023-04-25',6000.00,0.00,0.00,6000.00,0.10,600.00,27.50,765.01,4634.99),(822,1321,'2023-04-25',6500.00,0.00,0.00,6500.00,0.10,650.00,27.50,902.51,4947.49),(823,1322,'2023-04-25',4500.00,0.00,0.00,4500.00,0.10,450.00,22.50,360.75,3689.25),(824,1323,'2023-04-25',6000.00,0.00,0.00,6000.00,0.10,600.00,27.50,765.01,4634.99),(825,1324,'2023-04-25',6500.00,0.00,0.00,6500.00,0.10,650.00,27.50,902.51,4947.49),(826,1325,'2023-04-25',4500.00,0.00,0.00,4500.00,0.10,450.00,22.50,360.75,3689.25),(827,1326,'2023-04-25',6000.00,0.00,0.00,6000.00,0.10,600.00,27.50,765.01,4634.99),(828,1327,'2023-04-25',6000.00,0.00,0.00,6000.00,0.10,600.00,27.50,765.01,4634.99),(829,1328,'2023-04-25',6500.00,0.00,0.00,6500.00,0.10,650.00,27.50,902.51,4947.49),(830,1329,'2023-04-25',6500.00,0.00,0.00,6500.00,0.10,650.00,27.50,902.51,4947.49),(831,1330,'2023-04-25',4500.00,0.00,0.00,4500.00,0.10,450.00,22.50,360.75,3689.25),(832,1331,'2023-04-25',4500.00,0.00,0.00,4500.00,0.10,450.00,22.50,360.75,3689.25),(833,1332,'2023-04-25',6500.00,0.00,0.00,6500.00,0.10,650.00,27.50,902.51,4947.49),(834,1333,'2023-04-25',6000.00,0.00,0.00,6000.00,0.10,600.00,27.50,765.01,4634.99),(835,1334,'2023-04-25',4500.00,0.00,0.00,4500.00,0.10,450.00,22.50,360.75,3689.25),(836,1335,'2023-04-25',6500.00,0.00,0.00,6500.00,0.10,650.00,27.50,902.51,4947.49),(837,1336,'2023-04-25',6000.00,0.00,0.00,6000.00,0.10,600.00,27.50,765.01,4634.99),(838,1337,'2023-04-25',4500.00,0.00,0.00,4500.00,0.10,450.00,22.50,360.75,3689.25),(839,1338,'2023-04-25',6500.00,0.00,0.00,6500.00,0.10,650.00,27.50,902.51,4947.49),(840,1339,'2023-04-25',4500.00,0.00,0.00,4500.00,0.10,450.00,22.50,360.75,3689.25),(841,1340,'2023-04-25',6000.00,0.00,0.00,6000.00,0.10,600.00,27.50,765.01,4634.99),(842,1341,'2023-04-25',6500.00,0.00,0.00,6500.00,0.10,650.00,27.50,902.51,4947.49),(843,1342,'2023-04-25',4500.00,0.00,0.00,4500.00,0.10,450.00,22.50,360.75,3689.25),(844,1343,'2023-04-25',6000.00,0.00,0.00,6000.00,0.10,600.00,27.50,765.01,4634.99),(845,1344,'2023-04-25',6500.00,0.00,0.00,6500.00,0.10,650.00,27.50,902.51,4947.49),(846,1345,'2023-04-25',6500.00,0.00,0.00,6500.00,0.10,650.00,27.50,902.51,4947.49),(847,1346,'2023-04-25',4500.00,0.00,0.00,4500.00,0.10,450.00,22.50,360.75,3689.25),(848,1347,'2023-04-25',4500.00,0.00,0.00,4500.00,0.10,450.00,22.50,360.75,3689.25),(849,1348,'2023-04-25',6000.00,0.00,0.00,6000.00,0.10,600.00,27.50,765.01,4634.99),(850,1349,'2023-04-25',6500.00,0.00,0.00,6500.00,0.10,650.00,27.50,902.51,4947.49),(851,1350,'2023-04-25',4500.00,0.00,0.00,4500.00,0.10,450.00,22.50,360.75,3689.25),(852,1351,'2023-04-25',6000.00,0.00,0.00,6000.00,0.10,600.00,27.50,765.01,4634.99),(853,1352,'2023-04-25',4500.00,0.00,0.00,4500.00,0.10,450.00,22.50,360.75,3689.25),(854,1353,'2023-04-25',6500.00,0.00,0.00,6500.00,0.10,650.00,27.50,902.51,4947.49),(855,1354,'2023-04-25',6000.00,0.00,0.00,6000.00,0.10,600.00,27.50,765.01,4634.99),(856,1355,'2023-04-25',4500.00,0.00,0.00,4500.00,0.10,450.00,22.50,360.75,3689.25),(857,1356,'2023-04-25',6000.00,0.00,0.00,6000.00,0.10,600.00,27.50,765.01,4634.99),(858,1357,'2023-04-25',6500.00,0.00,0.00,6500.00,0.10,650.00,27.50,902.51,4947.49),(859,1358,'2023-04-25',6000.00,0.00,0.00,6000.00,0.10,600.00,27.50,765.01,4634.99),(860,1359,'2023-04-25',4500.00,0.00,0.00,4500.00,0.10,450.00,22.50,360.75,3689.25),(861,1360,'2023-04-25',4500.00,0.00,0.00,4500.00,0.10,450.00,22.50,360.75,3689.25),(862,1361,'2023-04-25',6000.00,0.00,0.00,6000.00,0.10,600.00,27.50,765.01,4634.99),(863,1362,'2023-04-25',6500.00,0.00,0.00,6500.00,0.10,650.00,27.50,902.51,4947.49),(864,1363,'2023-04-25',6500.00,0.00,0.00,6500.00,0.10,650.00,27.50,902.51,4947.49),(865,1364,'2023-04-25',6000.00,0.00,0.00,6000.00,0.10,600.00,27.50,765.01,4634.99),(866,1365,'2023-04-25',4500.00,0.00,0.00,4500.00,0.10,450.00,22.50,360.75,3689.25),(867,1366,'2023-04-25',2000.00,0.00,0.00,2000.00,0.10,200.00,0.00,0.00,1800.00),(868,1367,'2023-04-25',2500.00,0.00,0.00,2500.00,0.10,250.00,7.50,29.09,2220.91),(869,1368,'2023-04-25',2000.00,0.00,0.00,2000.00,0.10,200.00,0.00,0.00,1800.00),(870,1369,'2023-04-25',2500.00,0.00,0.00,2500.00,0.10,250.00,7.50,29.09,2220.91),(871,1370,'2023-04-25',2000.00,0.00,0.00,2000.00,0.10,200.00,0.00,0.00,1800.00),(872,1371,'2023-04-25',2500.00,0.00,0.00,2500.00,0.10,250.00,7.50,29.09,2220.91),(873,1372,'2023-04-25',2000.00,0.00,0.00,2000.00,0.10,200.00,0.00,0.00,1800.00),(874,1373,'2023-04-25',2500.00,0.00,0.00,2500.00,0.10,250.00,7.50,29.09,2220.91),(875,1374,'2023-04-25',2000.00,0.00,0.00,2000.00,0.10,200.00,0.00,0.00,1800.00),(876,1375,'2023-04-25',2000.00,0.00,0.00,2000.00,0.10,200.00,0.00,0.00,1800.00),(877,1376,'2023-04-25',3000.00,0.00,0.00,3000.00,0.10,300.00,15.00,79.58,2620.42),(878,1377,'2023-04-25',3500.00,0.00,0.00,3500.00,0.10,350.00,15.00,154.58,2995.42),(879,1378,'2023-04-25',4000.00,0.00,0.00,4000.00,0.10,400.00,22.50,248.25,3351.75),(880,1379,'2023-04-25',2000.00,0.00,0.00,2000.00,0.10,200.00,0.00,0.00,1800.00),(881,1380,'2023-04-25',2500.00,0.00,0.00,2500.00,0.10,250.00,7.50,29.09,2220.91),(882,1381,'2023-04-25',2500.00,0.00,0.00,2500.00,0.10,250.00,7.50,29.09,2220.91),(883,1382,'2023-04-25',2500.00,0.00,0.00,2500.00,0.10,250.00,7.50,29.09,2220.91),(884,1383,'2023-04-25',2000.00,0.00,0.00,2000.00,0.10,200.00,0.00,0.00,1800.00),(885,1384,'2023-04-25',2500.00,0.00,0.00,2500.00,0.10,250.00,7.50,29.09,2220.91),(886,1385,'2023-04-25',2000.00,0.00,0.00,2000.00,0.10,200.00,0.00,0.00,1800.00),(887,1386,'2023-04-25',2500.00,0.00,0.00,2500.00,0.10,250.00,7.50,29.09,2220.91),(888,1387,'2023-04-25',2000.00,0.00,0.00,2000.00,0.10,200.00,0.00,0.00,1800.00),(889,1388,'2023-04-25',2500.00,0.00,0.00,2500.00,0.10,250.00,7.50,29.09,2220.91),(890,1389,'2023-04-25',2500.00,0.00,0.00,2500.00,0.10,250.00,7.50,29.09,2220.91),(891,1390,'2023-04-25',4000.00,0.00,0.00,4000.00,0.10,400.00,22.50,248.25,3351.75),(892,1391,'2023-04-25',2000.00,0.00,0.00,2000.00,0.10,200.00,0.00,0.00,1800.00),(893,1392,'2023-04-25',2500.00,0.00,0.00,2500.00,0.10,250.00,7.50,29.09,2220.91),(894,1393,'2023-04-25',2500.00,0.00,0.00,2500.00,0.10,250.00,7.50,29.09,2220.91),(895,1394,'2023-04-25',2000.00,0.00,0.00,2000.00,0.10,200.00,0.00,0.00,1800.00),(896,1395,'2023-04-25',2000.00,0.00,0.00,2000.00,0.10,200.00,0.00,0.00,1800.00),(897,1396,'2023-04-25',2500.00,0.00,0.00,2500.00,0.10,250.00,7.50,29.09,2220.91),(898,1397,'2023-04-25',2000.00,0.00,0.00,2000.00,0.10,200.00,0.00,0.00,1800.00),(899,1398,'2023-04-25',2500.00,0.00,0.00,2500.00,0.10,250.00,7.50,29.09,2220.91),(900,1399,'2023-04-25',2000.00,0.00,0.00,2000.00,0.10,200.00,0.00,0.00,1800.00),(901,1400,'2023-04-25',2500.00,0.00,0.00,2500.00,0.10,250.00,7.50,29.09,2220.91),(902,1401,'2023-04-25',2000.00,0.00,0.00,2000.00,0.10,200.00,0.00,0.00,1800.00),(903,1402,'2023-04-25',3500.00,0.00,0.00,3500.00,0.10,350.00,15.00,154.58,2995.42),(904,1403,'2023-04-25',2000.00,0.00,0.00,2000.00,0.10,200.00,0.00,0.00,1800.00),(905,1404,'2023-04-25',2000.00,0.00,0.00,2000.00,0.10,200.00,0.00,0.00,1800.00),(906,1405,'2023-04-25',2500.00,0.00,0.00,2500.00,0.10,250.00,7.50,29.09,2220.91),(907,1406,'2023-04-25',2000.00,0.00,0.00,2000.00,0.10,200.00,0.00,0.00,1800.00),(908,1407,'2023-04-25',2500.00,0.00,0.00,2500.00,0.10,250.00,7.50,29.09,2220.91),(909,1408,'2023-04-25',2000.00,0.00,0.00,2000.00,0.10,200.00,0.00,0.00,1800.00),(910,1409,'2023-04-25',2500.00,0.00,0.00,2500.00,0.10,250.00,7.50,29.09,2220.91),(911,1410,'2023-04-25',2000.00,0.00,0.00,2000.00,0.10,200.00,0.00,0.00,1800.00),(912,1411,'2023-04-25',2500.00,0.00,0.00,2500.00,0.10,250.00,7.50,29.09,2220.91),(913,1412,'2023-04-25',2000.00,0.00,0.00,2000.00,0.10,200.00,0.00,0.00,1800.00),(914,1413,'2023-04-25',2500.00,0.00,0.00,2500.00,0.10,250.00,7.50,29.09,2220.91),(915,1414,'2023-04-25',3000.00,0.00,0.00,3000.00,0.10,300.00,15.00,79.58,2620.42),(916,1415,'2023-04-25',3500.00,0.00,0.00,3500.00,0.10,350.00,15.00,154.58,2995.42),(917,1416,'2023-04-25',4000.00,0.00,0.00,4000.00,0.10,400.00,22.50,248.25,3351.75),(918,1417,'2023-04-25',2000.00,0.00,0.00,2000.00,0.10,200.00,0.00,0.00,1800.00),(919,1418,'2023-04-25',2500.00,0.00,0.00,2500.00,0.10,250.00,7.50,29.09,2220.91),(920,1419,'2023-04-25',2000.00,0.00,0.00,2000.00,0.10,200.00,0.00,0.00,1800.00),(921,1420,'2023-04-25',2500.00,0.00,0.00,2500.00,0.10,250.00,7.50,29.09,2220.91),(922,1421,'2023-04-25',2500.00,0.00,0.00,2500.00,0.10,250.00,7.50,29.09,2220.91),(923,1422,'2023-04-25',2000.00,0.00,0.00,2000.00,0.10,200.00,0.00,0.00,1800.00),(924,1423,'2023-04-25',2000.00,0.00,0.00,2000.00,0.10,200.00,0.00,0.00,1800.00),(925,1424,'2023-04-25',2500.00,0.00,0.00,2500.00,0.10,250.00,7.50,29.09,2220.91),(926,1425,'2023-04-25',2000.00,0.00,0.00,2000.00,0.10,200.00,0.00,0.00,1800.00),(927,1426,'2023-04-25',2500.00,0.00,0.00,2500.00,0.10,250.00,7.50,29.09,2220.91),(928,1427,'2023-04-25',2000.00,0.00,0.00,2000.00,0.10,200.00,0.00,0.00,1800.00),(929,1428,'2023-04-25',3500.00,0.00,0.00,3500.00,0.10,350.00,15.00,154.58,2995.42),(930,1429,'2023-04-25',4000.00,0.00,0.00,4000.00,0.10,400.00,22.50,248.25,3351.75),(931,1430,'2023-04-25',2000.00,0.00,0.00,2000.00,0.10,200.00,0.00,0.00,1800.00),(932,1431,'2023-04-25',2500.00,0.00,0.00,2500.00,0.10,250.00,7.50,29.09,2220.91),(933,1432,'2023-04-25',2000.00,0.00,0.00,2000.00,0.10,200.00,0.00,0.00,1800.00),(934,1433,'2023-04-25',2000.00,0.00,0.00,2000.00,0.10,200.00,0.00,0.00,1800.00),(935,1434,'2023-04-25',2000.00,0.00,0.00,2000.00,0.10,200.00,0.00,0.00,1800.00),(936,1435,'2023-04-25',2000.00,0.00,0.00,2000.00,0.10,200.00,0.00,0.00,1800.00),(937,1436,'2023-04-25',2000.00,0.00,0.00,2000.00,0.10,200.00,0.00,0.00,1800.00),(938,1437,'2023-04-25',2500.00,0.00,0.00,2500.00,0.10,250.00,7.50,29.09,2220.91),(939,1438,'2023-04-25',2000.00,0.00,0.00,2000.00,0.10,200.00,0.00,0.00,1800.00),(940,1439,'2023-04-25',2500.00,0.00,0.00,2500.00,0.10,250.00,7.50,29.09,2220.91),(941,1440,'2023-04-25',3000.00,0.00,0.00,3000.00,0.10,300.00,15.00,79.58,2620.42),(942,1441,'2023-04-25',3500.00,0.00,0.00,3500.00,0.10,350.00,15.00,154.58,2995.42),(943,1442,'2023-04-25',4000.00,0.00,0.00,4000.00,0.10,400.00,22.50,248.25,3351.75),(944,1443,'2023-04-25',2000.00,0.00,0.00,2000.00,0.10,200.00,0.00,0.00,1800.00),(945,1444,'2023-04-25',2500.00,0.00,0.00,2500.00,0.10,250.00,7.50,29.09,2220.91),(946,1445,'2023-04-25',2000.00,0.00,0.00,2000.00,0.10,200.00,0.00,0.00,1800.00),(947,1446,'2023-04-25',2500.00,0.00,0.00,2500.00,0.10,250.00,7.50,29.09,2220.91),(948,1447,'2023-04-25',4000.00,0.00,0.00,4000.00,0.10,400.00,22.50,248.25,3351.75),(949,1448,'2023-04-25',2500.00,0.00,0.00,2500.00,0.10,250.00,7.50,29.09,2220.91),(950,1449,'2023-04-25',2000.00,0.00,0.00,2000.00,0.10,200.00,0.00,0.00,1800.00),(951,1450,'2023-04-25',3000.00,0.00,0.00,3000.00,0.10,300.00,15.00,79.58,2620.42),(952,1451,'2023-04-25',2000.00,0.00,0.00,2000.00,0.10,200.00,0.00,0.00,1800.00),(953,1452,'2023-04-25',2500.00,0.00,0.00,2500.00,0.10,250.00,7.50,29.09,2220.91),(954,1453,'2023-04-25',2000.00,0.00,0.00,2000.00,0.10,200.00,0.00,0.00,1800.00),(955,1454,'2023-04-25',2500.00,0.00,0.00,2500.00,0.10,250.00,7.50,29.09,2220.91),(956,1455,'2023-04-25',4000.00,0.00,0.00,4000.00,0.10,400.00,22.50,248.25,3351.75),(957,1456,'2023-04-25',2500.00,0.00,0.00,2500.00,0.10,250.00,7.50,29.09,2220.91),(958,1457,'2023-04-25',2000.00,0.00,0.00,2000.00,0.10,200.00,0.00,0.00,1800.00),(959,1458,'2023-04-25',3000.00,0.00,0.00,3000.00,0.10,300.00,15.00,79.58,2620.42),(960,1459,'2023-04-25',2000.00,0.00,0.00,2000.00,0.10,200.00,0.00,0.00,1800.00),(961,1460,'2023-04-25',2500.00,0.00,0.00,2500.00,0.10,250.00,7.50,29.09,2220.91),(962,1461,'2023-04-25',2000.00,0.00,0.00,2000.00,0.10,200.00,0.00,0.00,1800.00),(963,1462,'2023-04-25',2500.00,0.00,0.00,2500.00,0.10,250.00,7.50,29.09,2220.91),(964,1463,'2023-04-25',4000.00,0.00,0.00,4000.00,0.10,400.00,22.50,248.25,3351.75),(965,1464,'2023-04-25',2500.00,0.00,0.00,2500.00,0.10,250.00,7.50,29.09,2220.91),(966,1465,'2023-04-25',2000.00,0.00,0.00,2000.00,0.10,200.00,0.00,0.00,1800.00),(967,1466,'2023-04-25',3000.00,0.00,0.00,3000.00,0.10,300.00,15.00,79.58,2620.42),(968,1467,'2023-04-25',2000.00,0.00,0.00,2000.00,0.10,200.00,0.00,0.00,1800.00),(969,1468,'2023-04-25',2500.00,0.00,0.00,2500.00,0.10,250.00,7.50,29.09,2220.91),(970,1469,'2023-04-25',2000.00,0.00,0.00,2000.00,0.10,200.00,0.00,0.00,1800.00),(971,1470,'2023-04-25',2500.00,0.00,0.00,2500.00,0.10,250.00,7.50,29.09,2220.91),(972,1471,'2023-04-25',4000.00,0.00,0.00,4000.00,0.10,400.00,22.50,248.25,3351.75),(973,1472,'2023-04-25',2500.00,0.00,0.00,2500.00,0.10,250.00,7.50,29.09,2220.91),(974,1473,'2023-04-25',2000.00,0.00,0.00,2000.00,0.10,200.00,0.00,0.00,1800.00),(975,1474,'2023-04-25',3000.00,0.00,0.00,3000.00,0.10,300.00,15.00,79.58,2620.42),(976,1475,'2023-04-25',2000.00,0.00,0.00,2000.00,0.10,200.00,0.00,0.00,1800.00),(977,1476,'2023-04-25',2500.00,0.00,0.00,2500.00,0.10,250.00,7.50,29.09,2220.91),(978,1477,'2023-04-25',2000.00,0.00,0.00,2000.00,0.10,200.00,0.00,0.00,1800.00),(979,1478,'2023-04-25',2500.00,0.00,0.00,2500.00,0.10,250.00,7.50,29.09,2220.91),(980,1479,'2023-04-25',4000.00,0.00,0.00,4000.00,0.10,400.00,22.50,248.25,3351.75),(981,1480,'2023-04-25',2000.00,0.00,0.00,2000.00,0.10,200.00,0.00,0.00,1800.00),(982,1481,'2023-04-25',2500.00,0.00,0.00,2500.00,0.10,250.00,7.50,29.09,2220.91),(983,1482,'2023-04-25',2000.00,0.00,0.00,2000.00,0.10,200.00,0.00,0.00,1800.00),(984,1483,'2023-04-25',2500.00,0.00,0.00,2500.00,0.10,250.00,7.50,29.09,2220.91),(985,1484,'2023-04-25',4000.00,0.00,0.00,4000.00,0.10,400.00,22.50,248.25,3351.75),(986,1485,'2023-04-25',2000.00,0.00,0.00,2000.00,0.10,200.00,0.00,0.00,1800.00),(987,1486,'2023-04-25',2500.00,0.00,0.00,2500.00,0.10,250.00,7.50,29.09,2220.91),(988,1487,'2023-04-25',2000.00,0.00,0.00,2000.00,0.10,200.00,0.00,0.00,1800.00),(989,1488,'2023-04-25',2500.00,0.00,0.00,2500.00,0.10,250.00,7.50,29.09,2220.91),(990,1489,'2023-04-25',4000.00,0.00,0.00,4000.00,0.10,400.00,22.50,248.25,3351.75),(991,1490,'2023-04-25',2000.00,0.00,0.00,2000.00,0.10,200.00,0.00,0.00,1800.00),(992,1491,'2023-04-25',2500.00,0.00,0.00,2500.00,0.10,250.00,7.50,29.09,2220.91),(993,1492,'2023-04-25',2000.00,0.00,0.00,2000.00,0.10,200.00,0.00,0.00,1800.00),(994,1493,'2023-04-25',2500.00,0.00,0.00,2500.00,0.10,250.00,7.50,29.09,2220.91),(995,1494,'2023-04-25',4000.00,0.00,0.00,4000.00,0.10,400.00,22.50,248.25,3351.75),(996,1495,'2023-04-25',2000.00,0.00,0.00,2000.00,0.10,200.00,0.00,0.00,1800.00),(997,1496,'2023-04-25',2500.00,0.00,0.00,2500.00,0.10,250.00,7.50,29.09,2220.91),(998,1497,'2023-04-25',2000.00,0.00,0.00,2000.00,0.10,200.00,0.00,0.00,1800.00),(999,1498,'2023-04-25',2500.00,0.00,0.00,2500.00,0.10,250.00,7.50,29.09,2220.91),(1000,1499,'2023-04-25',4000.00,0.00,0.00,4000.00,0.10,400.00,22.50,248.25,3351.75),(1001,1500,'2023-04-25',2000.00,0.00,0.00,2000.00,0.10,200.00,0.00,0.00,1800.00),(1002,1501,'2023-04-25',2500.00,0.00,0.00,2500.00,0.10,250.00,7.50,29.09,2220.91),(1003,1502,'2023-04-25',2000.00,0.00,0.00,2000.00,0.10,200.00,0.00,0.00,1800.00),(1004,1503,'2023-04-25',2500.00,0.00,0.00,2500.00,0.10,250.00,7.50,29.09,2220.91),(1005,1504,'2023-04-25',4000.00,0.00,0.00,4000.00,0.10,400.00,22.50,248.25,3351.75),(1006,1505,'2023-04-25',2500.00,0.00,0.00,2500.00,0.10,250.00,7.50,29.09,2220.91),(1007,1506,'2023-04-25',2000.00,0.00,0.00,2000.00,0.10,200.00,0.00,0.00,1800.00),(1008,1507,'2023-04-25',3000.00,0.00,0.00,3000.00,0.10,300.00,15.00,79.58,2620.42),(1009,1508,'2023-04-25',2000.00,0.00,0.00,2000.00,0.10,200.00,0.00,0.00,1800.00),(1010,1509,'2023-04-25',3000.00,0.00,0.00,3000.00,0.10,300.00,15.00,79.58,2620.42),(1011,1510,'2023-04-25',2000.00,0.00,0.00,2000.00,0.10,200.00,0.00,0.00,1800.00),(1012,1511,'2023-04-25',2500.00,0.00,0.00,2500.00,0.10,250.00,7.50,29.09,2220.91),(1013,1512,'2023-04-25',2000.00,0.00,0.00,2000.00,0.10,200.00,0.00,0.00,1800.00),(1014,1513,'2023-04-25',2500.00,0.00,0.00,2500.00,0.10,250.00,7.50,29.09,2220.91),(1015,1514,'2023-04-25',4000.00,0.00,0.00,4000.00,0.10,400.00,22.50,248.25,3351.75),(1016,1515,'2023-04-25',2500.00,0.00,0.00,2500.00,0.10,250.00,7.50,29.09,2220.91),(1017,1516,'2023-04-25',2000.00,0.00,0.00,2000.00,0.10,200.00,0.00,0.00,1800.00),(1018,1517,'2023-04-25',3000.00,0.00,0.00,3000.00,0.10,300.00,15.00,79.58,2620.42),(1019,1518,'2023-04-25',2000.00,0.00,0.00,2000.00,0.10,200.00,0.00,0.00,1800.00),(1020,1519,'2023-04-25',2000.00,0.00,0.00,2000.00,0.10,200.00,0.00,0.00,1800.00),(1021,1520,'2023-04-25',2500.00,0.00,0.00,2500.00,0.10,250.00,7.50,29.09,2220.91),(1022,1521,'2023-04-25',2000.00,0.00,0.00,2000.00,0.10,200.00,0.00,0.00,1800.00),(1023,1522,'2023-04-25',2500.00,0.00,0.00,2500.00,0.10,250.00,7.50,29.09,2220.91),(1024,1523,'2023-04-25',4000.00,0.00,0.00,4000.00,0.10,400.00,22.50,248.25,3351.75),(1025,1524,'2023-04-25',2500.00,0.00,0.00,2500.00,0.10,250.00,7.50,29.09,2220.91),(1026,1525,'2023-04-25',2000.00,0.00,0.00,2000.00,0.10,200.00,0.00,0.00,1800.00),(1027,1526,'2023-04-25',3000.00,0.00,0.00,3000.00,0.10,300.00,15.00,79.58,2620.42),(1028,1527,'2023-04-25',7500.00,0.00,0.00,7500.00,0.10,750.00,27.50,1177.51,5572.49),(1029,1528,'2023-04-25',7000.00,0.00,0.00,7000.00,0.10,700.00,27.50,1040.01,5259.99),(1030,1529,'2023-04-25',3000.00,0.00,0.00,3000.00,0.10,300.00,15.00,79.58,2620.42),(1031,1530,'2023-04-25',3500.00,0.00,0.00,3500.00,0.10,350.00,15.00,154.58,2995.42),(1032,1531,'2023-04-25',2000.00,0.00,0.00,2000.00,0.10,200.00,0.00,0.00,1800.00),(1033,1532,'2023-04-25',25000.00,0.00,0.00,25000.00,0.10,2500.00,27.50,5990.01,16509.99),(1034,1533,'2023-04-25',4500.00,0.00,0.00,4500.00,0.10,450.00,22.50,360.75,3689.25);
/*!40000 ALTER TABLE `contracheque` ENABLE KEYS */;
UNLOCK TABLES;

--
-- Table structure for table `dependente`
--

DROP TABLE IF EXISTS `dependente`;
/*!40101 SET @saved_cs_client     = @@character_set_client */;
/*!50503 SET character_set_client = utf8mb4 */;
CREATE TABLE `dependente` (
  `id` int NOT NULL AUTO_INCREMENT,
  `nome` varchar(50) DEFAULT NULL,
  `cpf` varchar(15) DEFAULT NULL,
  `idMilitar` int DEFAULT NULL,
  `idRelacaoDependencia` int DEFAULT NULL,
  PRIMARY KEY (`id`),
  KEY `fk_militar` (`idMilitar`),
  KEY `fk_relacao` (`idRelacaoDependencia`),
  CONSTRAINT `fk_militar` FOREIGN KEY (`idMilitar`) REFERENCES `militar` (`id`),
  CONSTRAINT `fk_relacao` FOREIGN KEY (`idRelacaoDependencia`) REFERENCES `relacao_dependencia` (`Id`)
) ENGINE=InnoDB AUTO_INCREMENT=190 DEFAULT CHARSET=utf8mb4 COLLATE=utf8mb4_0900_ai_ci;
/*!40101 SET character_set_client = @saved_cs_client */;

--
-- Dumping data for table `dependente`
--

LOCK TABLES `dependente` WRITE;
/*!40000 ALTER TABLE `dependente` DISABLE KEYS */;
INSERT INTO `dependente` VALUES (63,'Isabella Mafra Conceio','836.228.210-00',1276,1),(64,'Felipe Quadros','578.100.530-78',1277,3),(65,'Enzo Constantino','967.076.300-24',1278,3),(66,'Tiago Ariotti','023.111.060-07',1279,3),(67,'Ccero Ariotti','666.300.030-63',1279,3),(68,'Priscila Abreu Santos','956.874.180-16',1280,1),(69,'Clarisse Pu','265.343.210-25',1281,1),(70,'Suzana Berling','736.327.020-12',1282,3),(71,'Tiago Bispo Ferreira','324.810.300-01',1283,1),(72,'Rodrigo Vidal','273.434.370-38',1283,3),(73,'Elizangela de Souza Delezu','818.533.560-50',1283,3),(74,'Ana Carolina Bernardo','072.577.320-00',1284,3),(75,'Yuri Rodrigues','468.387.350-83',1285,3),(76,'Elizabete Freitas Arago Abreu Santos','736.934.260-31',1475,1),(77,'Clarisse Freitas Arago','640.247.103-81',1476,3),(78,'Tatiana Porto','340.185.460-76',1480,3),(79,'Rafaela Damas','137.437.460-18',1455,1),(80,'Joo Felipe Saldanha','712.261.190-69',1457,3),(81,'Daniela Faver','528.580.750-69',1365,3),(82,'Maria Eduarda de Liz Aparcio','111.168.660-21',1369,1),(83,'Luiz Guilherme de Liz Aparcio','419.933.770-93',1355,3),(84,'Maria Helena de Liz Aparcio','438.094.910-98',1398,3),(85,'Jussara Assuno','711.166.370-57',1347,1),(86,'Tatiele Caldeira','824.850.370-43',1335,3),(87,'Bruno Caldeira','659.195.020-61',1325,1),(88,'Mateus Caldeira','004.974.800-93',1296,1),(89,'Tiago Silveira Medeiros','824.828.390-92',1315,3),(90,'Felipe Assis','904.521.000-20',1307,3),(91,'Tereza Cristina Assis','541.393.790-30',1356,1),(92,'Tiago Assis','491.851.330-19',1425,3),(93,'Roberto Conceio','764.616.630-88',1435,3),(94,'Elis Abreu Galvo','087.335.510-57',1445,1),(95,'Clarisse Abreu Galvo','333.808.040-96',1455,3),(96,'Emmanuel Zimmermann','329.753.905-46',1476,3),(97,'Juliana Castro Rocha','815.090.330-50',1477,1),(98,'Luiz Castro Rocha','631.819.170-44',1287,3),(99,'Rebeca Castro Rocha','055.168.550-63',1288,3),(100,'Cristiana Cardoso','279.451.310-93',1289,3),(101,'Tabata Marques Vidal','930.245.600-50',1317,1),(102,'Francine Marques Vidal','383.560.140-77',1302,3),(103,'Francisco Marques Vidal','922.093.850-24',1343,3),(104,'Alusio Pacheco','698.711.010-74',1373,3),(105,'Debora de Accia Fiorio','857.787.730-21',1374,1),(106,'Andr Luiz Fiorio','435.755.810-70',1375,3),(107,'Caio Ferreira de Arruda','591.687.130-96',1423,3),(108,'Ricardo Correa Torres','426.135.000-93',1427,3),(109,'Gustavo Henrique Tavares','023.082.210-03',1427,3),(110,'Francielly Tavares','164.264.750-09',1427,1),(111,'Letcia Fonseca','645.125.680-34',1418,1),(112,'Ceclia Alencar','894.392.070-94',1414,1),(113,'Nolan Rafael Lemos','659.381.840-29',1414,3),(114,'Leandro Demetrio Silveira','289.363.940-29',1295,3),(115,'David Delfino','151.236.880-64',1286,3),(116,'Isis Lamim Delfino','825.266.350-80',1285,1),(117,'Sofia Lamim Delfino','628.613.070-56',1285,3),(118,'Lorenzeo Costa Savi','102.841.790-00',1285,3),(119,'Julieta Costa Savi','249.071.510-04',1290,1),(120,'Luciano Gazola','862.205.850-62',1290,3),(121,'Felipe Pires Fogaa','819.166.080-60',1339,3),(122,'Valria Vicente','145.234.110-93',1339,3),(123,'Hederson Novaes','227.953.850-40',1293,3),(124,'Jair Messias','456.456.456.45',1475,4),(189,'MACABEU FARIAS JUNIOR','009.090.909-90',1532,3);
/*!40000 ALTER TABLE `dependente` ENABLE KEYS */;
UNLOCK TABLES;

--
-- Table structure for table `lotacao`
--

DROP TABLE IF EXISTS `lotacao`;
/*!40101 SET @saved_cs_client     = @@character_set_client */;
/*!50503 SET character_set_client = utf8mb4 */;
CREATE TABLE `lotacao` (
  `id` int NOT NULL AUTO_INCREMENT,
  `pelotao` varchar(3) DEFAULT NULL,
  `companhia` varchar(3) DEFAULT NULL,
  `batalhao` varchar(3) DEFAULT NULL,
  `nome` varchar(100) DEFAULT NULL,
  PRIMARY KEY (`id`)
) ENGINE=InnoDB AUTO_INCREMENT=29 DEFAULT CHARSET=utf8mb4 COLLATE=utf8mb4_0900_ai_ci;
/*!40101 SET character_set_client = @saved_cs_client */;

--
-- Dumping data for table `lotacao`
--

LOCK TABLES `lotacao` WRITE;
/*!40000 ALTER TABLE `lotacao` DISABLE KEYS */;
INSERT INTO `lotacao` VALUES (1,'1','1','1','1PELOTO/1COMPANHIA/1BATALHO'),(2,'2','1','1','2PELOTO/1COMPANHIA/1BATALHO'),(3,'3','1','1','3PELOTO/1COMPANHIA/1BATALHO'),(4,'1','2','1','1PELOTO/2COMPANHIA/1BATALHO'),(5,'2','2','1','2PELOTO/2COMPANHIA/1BATALHO'),(6,'3','2','1','3PELOTO/2COMPANHIA/1BATALHO'),(7,'1','3','1','1PELOTO/3COMPANHIA/1BATALHO'),(8,'2','3','1','2PELOTO/3COMPANHIA/1BATALHO'),(9,'3','3','1','3PELOTO/3COMPANHIA/1BATALHO'),(10,'1','1','2','1PELOTO/1COMPANHIA/2BATALHO'),(11,'2','1','2','2PELOTO/1COMPANHIA/2BATALHO'),(12,'3','1','2','3PELOTO/1COMPANHIA/2BATALHO'),(13,'1','2','2','1PELOTO/2COMPANHIA/2BATALHO'),(14,'2','2','2','2PELOTO/2COMPANHIA/2BATALHO'),(15,'3','2','2','3PELOTO/2COMPANHIA/2BATALHO'),(16,'1','3','2','1PELOTO/3COMPANHIA/2BATALHO'),(17,'2','3','2','2PELOTO/3COMPANHIA/2BATALHO'),(18,'3','3','2','3PELOTO/3COMPANHIA/2BATALHO'),(19,NULL,'1','1','1COMPANHIA/1BATALHO'),(20,NULL,'2','1','2COMPANHIA/1BATALHO'),(21,NULL,'3','1','3COMPANHIA/1BATALHO'),(22,NULL,'1','2','1COMPANHIA/2BATALHO'),(23,NULL,'2','2','2COMPANHIA/2BATALHO'),(24,NULL,'3','2','3COMPANHIA/2BATALHO'),(25,NULL,NULL,'1','1BATALHO'),(26,NULL,NULL,'2','2BATALHO'),(27,'1','1','4','1 PELOTO/1 COMPANHIA/4 BATALHO'),(28,'1','2','4','1 PELOTO/2 COMPANHIA/4 BATALHO');
/*!40000 ALTER TABLE `lotacao` ENABLE KEYS */;
UNLOCK TABLES;

--
-- Table structure for table `militar`
--

DROP TABLE IF EXISTS `militar`;
/*!40101 SET @saved_cs_client     = @@character_set_client */;
/*!50503 SET character_set_client = utf8mb4 */;
CREATE TABLE `militar` (
  `id` int NOT NULL AUTO_INCREMENT,
  `nome` varchar(50) DEFAULT NULL,
  `cpf` varchar(15) DEFAULT NULL,
  `matricula` varchar(9) DEFAULT NULL,
  `id_posto_graduacao` int DEFAULT NULL,
  `id_lotacao` int DEFAULT NULL,
  PRIMARY KEY (`id`),
  KEY `fk_posto` (`id_posto_graduacao`),
  KEY `fk_lotacao` (`id_lotacao`),
  CONSTRAINT `fk_lotacao` FOREIGN KEY (`id_lotacao`) REFERENCES `lotacao` (`id`),
  CONSTRAINT `fk_posto` FOREIGN KEY (`id_posto_graduacao`) REFERENCES `posto_graduacao` (`id`)
) ENGINE=InnoDB AUTO_INCREMENT=1536 DEFAULT CHARSET=utf8mb4 COLLATE=utf8mb4_0900_ai_ci;
/*!40101 SET character_set_client = @saved_cs_client */;

--
-- Dumping data for table `militar`
--

LOCK TABLES `militar` WRITE;
/*!40000 ALTER TABLE `militar` DISABLE KEYS */;
INSERT INTO `militar` VALUES (1276,'Charles Alexandre Vieira','83551535027','929.564-2',28,25),(1277,'Luis Eduardo da Rocha','31829803000','921.269-5',28,26),(1278,'Marcelo Fiorio','48110731007','612.693-8',27,25),(1279,'Andre Pachedo','96904742003','912.547-9',27,25),(1280,'William VIdal','38302158003','948.765-1',27,26),(1281,'Cristiano Cardoso','57958649002','644.552-2',27,26),(1282,'Alessandro Machado Reis','29329062083','675.441-9',26,24),(1283,'Jose Ricardo Torres','8255943080','992.154-6',26,23),(1284,'Isabella Ferreira','76705351055','914.169-7',26,22),(1285,'Lucas Michels','99794158003','914.169-9',26,13),(1286,'Vinicius Oliveira Henkmeier','22906460087','914.885-7',26,20),(1287,'Priscilla Deucher Galvo','95747718061','912.126-1',26,19),(1288,'Rodolfo Alencar','37007716067','654.987-7',25,24),(1289,'Sandro Fonseca','64214797078','941.582-9',25,23),(1290,'Leandro Delfino','28756908091','957.426-5',25,22),(1291,'Renan Demetrio Silveira','53811958003','955.887-4',25,13),(1292,'Letcia Carminatti de Souza','35971001043','921.639-2',25,20),(1293,'Luiz Carlos Lemos','64328975056','929.356-4',25,19),(1294,'Adriano Xavier','11949432092','914.597-8',24,18),(1295,'Heloisa Mara da Silva','1624071066','951.423-8',23,18),(1296,'Jose Paulo Buttencourt','59539490065','941.745-3',20,17),(1297,'Luis Carlos Bohn','20406173028','754.123-6',20,17),(1298,'Rafael dos Anjos Amaro','43904177036','947.896-5',23,16),(1299,'Vilson Arnoldo Rodrigues','97743084094','944.596-5',24,16),(1300,'Wagner Marcus Figueiredo','52598775007','523.417-2',24,15),(1301,'Diogo Medeiros Leite','17401648067','910.532-0',23,15),(1302,'Cristiano Menegaz','58065373070','523.654-8',20,14),(1303,'Guilherme Dal Bo','1285796098','904.560-8',20,14),(1304,'Leonardo Pacheco Beck','74931019064','985.410-8',23,13),(1305,'Luciane Purckel','74687750010','952.310-4',24,13),(1306,'Rafael Lino de Oliveira','23340110026','110.230-9',23,12),(1307,'Luiz Fernando Supp','9935478009','951.420-2',20,12),(1308,'Marcio Murillo Porto','56328637004','940.502-1',23,11),(1309,'Angelica Germanovix','51500159034','980.714-3',24,11),(1310,'Lucas Eduardo Amaral','59188199088','929.254-1',24,9),(1311,'Rafael Bonatto','47975922064','441.752-0',23,9),(1312,'Melina Marques','55534478012','920.310-5',20,9),(1313,'Felipe Rubini Porto','34740850001','341.751-9',24,9),(1314,'Alice Fernandes','67563289054','602.031-8',23,26),(1315,'Felipe Lucena de Araujo','71236603079','410.754-8',20,26),(1316,'Graziela Sche','60996584080','852.741-3',24,25),(1317,'Mateus Shaffer','71507269099','998.841-2',24,25),(1318,'Gabriel Barreto de Mello','98530679008','410.520-8',20,24),(1319,'Joo Vicente Pereira Cavallazzi','55341295064','547.412-5',20,24),(1320,'Aldrin da Silva','85615624043','801.522-4',23,23),(1321,'Maicon Dorigon','46631169062','941.290-5',24,23),(1322,'Aline Marianne Rufatto','24281428011','962.541-0',20,22),(1323,'Diego Getulio Inacio','81001782089','723.921-5',23,22),(1324,'Emerson Luiz Costa','11509101004','051.691-5',24,21),(1325,'Bianca Bianca Moraes','44110841046','502.003-8',20,21),(1326,'Estevo Teixeira Anacleto','48401653002','445.661-8',23,20),(1327,'Heliton Borges','93908734010','510.236-9',23,20),(1328,'Adailson Severo Fiamoncini','93311101030','925.758-4',24,19),(1329,'Evamar Marques Costa','71966529082','485.769-3',24,19),(1330,'Benicio Barbi Remzetti Marques','13650027054','582.569-1',20,18),(1331,'Tiago Perrut','71060168022','758.459-8',20,18),(1332,'Juan da Silva Raphael','26938305080','410.852-6',24,17),(1333,'Bruno Edio Nunes','1814361081','753.159-0',23,17),(1334,'Anderson Golalves Matheus','50032970099','110.226-5',20,16),(1335,'Mauricio Ervino Carvalho','48480676000','489.756-2',24,16),(1336,'Wellington Samael Gesser','12349001067','258.369-1',23,15),(1337,'Douglas Masetto','85635521045','142.536-1',20,15),(1338,'Gilson Luciano Junior','13749684049','743.957-0',24,14),(1339,'Marcos Paulo Sens','97639662052','103.620-5',20,14),(1340,'Renato Porto Schmidt','214.361.150-19','175.423-0',23,13),(1341,'Jair Apolinrio','539.732.950-93','200.150-0',24,13),(1342,'Elizabeth Silvy','583.805.310-00','140.714-2',20,12),(1343,'Odair Aparecido Nazar','398.219.100=92','113.664-5',23,12),(1344,'Kleber Correa Felchilcher','497.067.380-29','879.546-2',24,11),(1345,'Andre Prazeres','551.911.820-57','120.320-1',24,11),(1346,'Luis Fernando Sabar','991.099.080-64','231.021-8',20,10),(1347,'Lucas Pal','658.546.160-68','115.365-2',20,10),(1348,'Giancarlo Fagundes','274.025.210-28','225.489-7',23,9),(1349,'Bruno Jackubiak','758.389.720-33','120.598-1',24,9),(1350,'Linus Azevedo','878.372.510-59','753.215-9',20,8),(1351,'Andrey Aluisio Gollo','968.580.150-94','996.512-8',23,8),(1352,'Julia Fabiana da Silva','142.383.370-85','296.531-2',20,7),(1353,'Diego Almeida','896.897.630-91','985.216-3',24,7),(1354,'Oswaldo Peixer Neto','722.191.900-30','961.961-9',23,6),(1355,'Wagner Patricio Silveira Cardoso','442.718.120-13','863.520-9',20,6),(1356,'Cristvo Atade Silveira','459.141.630-56','800.259-0',23,5),(1357,'Lucas Gazola','966.406.250-24','210.339-9',24,5),(1358,'Jonas Ciniro Furtado','147.495.170-89','744.114-5',23,4),(1359,'Messias Antunes de Liz','085.222.060-07','663.595-2',20,4),(1360,'Rodrigo Jair Lapa','128.696.380-00','929.252-6',20,3),(1361,'Laerte Saraiva','622.884.610-80','921541-7',23,3),(1362,'Rui Costa Savi','821.765.480-86','984.123-0',24,2),(1363,'Alvaro Maus','121.188.100-83','741.236-0',24,2),(1364,'Roberto Carneiro Junior','011.455.970-84','711.466-2',23,1),(1365,'Gustavo Medeiros','058.632.610-30','203.159-4',20,1),(1366,'Alexandre Amaro','984.977.050-33','900.111-2',15,1),(1367,'Alexnaldo dos Anjos','273.990.990-06','935.126-8',16,1),(1368,'Geraldo Bispo','732.037.070-04','951.410-0',15,1),(1369,'Renata Zimmermann','959.750.590-89','998.855-2',16,1),(1370,'Alex Vidal','193.552.030-04','710.695-0',15,1),(1371,'Leonardo Nascimento Fragoso','942.501.110-91','823.547-5',16,1),(1372,'Filipe Marques','533.894.280-11','102.698-5',15,1),(1373,'Paulo Henrique Amorim','077.575.970-80','913.746-9',16,1),(1374,'Isadora Quadros','253.909.390-69','742.963-2',15,1),(1375,'Gilmar Jesus','969.571.850-79','884.177-6',15,1),(1376,'Oliver Santos','564.719.160-60','815.379-4',17,1),(1377,'Charles Fagundes','662.883.890-05','012.369-4',18,1),(1378,'Mariana Souza Dutra','800.673.580-80','771.100-6',19,1),(1379,'Rodrigo Constantino','397.560.410-72','052.691-2',15,2),(1380,'Emilio Surita','642.803.640-10','781.423-8',16,2),(1381,'Abel Damas','219.180.200-19','910.269-0',16,2),(1382,'Luana Beccari','717.085.860-67','741.357-2',16,2),(1383,'Sergio da Silva Junior','486.032.380-73','932.562-0',15,2),(1384,'Lucas Gorges Correa','721.462.800-77','108.710-5',16,2),(1385,'Ivan Faver','054.717.920-09','301.103-0',15,2),(1386,'Fernando Mickolaiksky','908.280.650-98','486.842-3',16,2),(1387,'Diego Ariotti','519.326.610-00','268.423-2',15,2),(1388,'Adailton Xavier','091.576.210-20','139.745-6',16,2),(1389,'Debora Gonalves Ferreira','305.870.830-00','316.489-4',16,2),(1390,'Elias Karal','523.405.220-64','914.753-4',19,2),(1391,'Laerte Schnell','916.732.610-27','551.559-5',15,3),(1392,'Elias Ademar Gonzaga','104.950.660-01','418.529-6',16,3),(1393,'Paulo Santos','550.931.380-37','582.471-0',16,3),(1394,'Rodrigo Azevedo Leito','415.121.160-84','395.412-2',15,3),(1395,'Tais Lisboa','274.371.740-81','820.630-0',15,3),(1396,'Cesar Augusto Simeo','610.296.640-64','794.136-5',16,3),(1397,'Cesar Pu','372.903.870-23','814.596-0',15,3),(1398,'Igor Tavares','683.604.520-91','220.336-5',16,3),(1399,'Luana Berling','212.306.600-11','401.203-2',15,3),(1400,'Joo Gomes','932.058.260-27','885.996-6',16,3),(1401,'Helon Borba','296.097.190-66','152.526-6',15,3),(1402,'Everton Neves','442.277.620-73','417.528-4',18,3),(1403,'Lazaro Silva','704.793.480-49','320.658-8',15,3),(1404,'Alexia Linhares Albernaz','527.147.110-14','556.445-5',15,4),(1405,'Lena Valido','614.413.930-30','915.456-6',16,4),(1406,'Raul Ferraz','069.652.720-07','825.936-0',15,4),(1407,'Davy Dures','986.095.480-15','714.825-2',16,4),(1408,'Ariane Saldanha','722.128.070-31','026.159-0',15,4),(1409,'Benjamin Fernandes','594.155.280-79','753.420-5',16,4),(1410,'Pedro Delezu','797.516.480-17','267.349-0',15,4),(1411,'Jason Maciel','409.188.630-23','153.759-5',16,4),(1412,'Guilherme Assuno','332.253.390-59','486.201-2',15,4),(1413,'Guilherme de Souza Carminatti','282.814.460-72','860.236-6',16,4),(1414,'Murilo Acendino de Freitas','639.353.400-10','841.023-6',17,4),(1415,'Nicolas Dutra','003.549.150-70','863.752-4',18,4),(1416,'Wagner Bernardi','774.215.810-81','148.256-0',19,4),(1417,'Diogo Antonio Luiz Fernandes','333.797.611-50','480.344-5',15,5),(1418,'Matheus Gustavo Dias','769.958.324-21','389.480-6',16,5),(1419,'Benjamin Bernardo','881.123.321-69','263.280-0',15,5),(1420,'Sergio Pedro da Paz','920.368.041-10','233.330-2',16,5),(1421,'Melissa Regina Silveira','227.713.335-38','188.812-0',16,5),(1422,'Thiago Victor Almada','114.354.297-53','322.630-5',15,5),(1423,'Pietra Giovanna','052.023.348-42','262.249-0',15,5),(1424,'Henrique Martin','728.112.949-10','177.486-5',16,5),(1425,'Francisco Sebastio','262.720.407-68','439.509-5',15,5),(1426,'Arthur Porto','868.272.872-97','410.688-6',16,5),(1427,'Olivia Catarina','251.470.750-11','562.102-6',15,5),(1428,'Manuel Anthony Duarte','564.308.950-50','400.210-4',18,5),(1429,'Marcelo Monteiro','330.400.233-220','182.751-9',19,5),(1430,'Elias Osvaldo Cunha','314.668.928-62','259.043-5',15,6),(1431,'Raimundo da Costa','782.884.031-40','380.859-6',16,6),(1432,'Roberto Thales Viana','596.985.752-19','316.228-0',15,6),(1433,'Srgio Levi Aparcio','013.095.833-66','360.070-2',15,6),(1434,'Luis Murilo Duarte','978.525.561-16','105.773-0',15,6),(1435,'Louise Benedita','245.093.795-10','461.643-5',15,6),(1436,'Manoel Arthur Assis','124.215.856-19','473.322-0',15,6),(1437,'Cesar Ricardo Alves','209.764.278-00','291.109-5',16,6),(1438,'Carlos Eduardo Sebastio Martins','283.420.084-01','190.402-8',15,6),(1439,'Lorenzo Henrique de Souza','316.164.433-67','428.494-6',16,6),(1440,'Renan Martin da Rocha','483.088.757-50','372.958-6',17,6),(1441,'Sabrina Las','925.214.600-87','855.441-4',18,6),(1442,'Gabriel Ricardo Moreira','655.752.848-32','109.513-9',19,6),(1443,'Caleb Rezende','313.796.234-05','257.452-5',15,7),(1444,'Heitor Campos','766.901.943-37','307.685-6',16,7),(1445,'Gabriel Rodrigues','421.758.544-69','461.946-4',15,7),(1446,'Davi Otvio Barbosa','754.776.382-06','199.374-4',16,7),(1447,'Bencio Guilherme Rocha','440.373.050-70','371.066-9',19,7),(1448,'Julio Daniel Nogueira','066.046.400-43','124.933-3',16,7),(1449,'Liz Gabrielly','853.596.845-85','218.272-2',15,7),(1450,'Renato Caldeira','542.332.816-00','461.070-9',17,7),(1451,'Carlos Igor Rodrigues','609.745.307-86','111.859-7',15,8),(1452,'Matheus Augusto Barbosa','688.044.284-65','394.259-2',16,8),(1453,'Sebastio Pereira','168.048.862-75','479.936-8',15,8),(1454,'Giovanni Augusto de Paula','547.689.351-25','159.247-7',16,8),(1455,'Jos Cau da Paz','838.193.251-31','390.605-2',19,8),(1456,'Carlos Eduardo Assis','259.280.020-41','113.561-5',16,8),(1457,'Bernardo Campos','936.765.512-65','163.723-8',15,8),(1458,'Anderson Teixeira','421.855.955-47','480.062-2',17,8),(1459,'Raul Osvaldo Pedro Assis','581.883.681-99','443.153-6',15,9),(1460,'Matheus Edson Barros','456.958.224-54','314.784-8',16,9),(1461,'Miguel Leandro Porto','093.241.083-95','284.668-9',15,9),(1462,'Igor Sales','368.304.281-81','262.084-1',16,9),(1463,'Alexandre Corte Real','867.664.393-86','504.450-0',19,9),(1464,'Elaine Ayla','670.974.450-76','669.978-6',16,9),(1465,'Erick Arago','247.178.775-43','281.797-6',15,9),(1466,'Cau Costa','004.286.453-30','104.253-7',17,9),(1467,'Renan Tiago Porto','761.081.711-20','408.333-0',15,10),(1468,'Lucca Caldeira','640.474.379-56','125.618-6',16,10),(1469,'Kevin Roberto Moura','409.423.683-04','133.714-7',15,10),(1470,'Samuel Lima','334.739.176-48','140.447-8',16,10),(1471,'Fernando Raimundo Fernandes','376.047.128-51','329.824-4',19,10),(1472,'Francisco Ramos','865.444.784-23','267.383-0',16,10),(1473,'Jos Guilherme Aparcio','886.413.485-90','520.410-4',15,10),(1474,'Lvia Dornelles','362.763.816-67','123.414-7',17,10),(1475,'Roberto Carlos Cavalcanti','448.745.423-95','461.798-2',15,11),(1476,'Thales Igor Duarte','892.125.194-40','189.921-4',16,11),(1477,'Caio Conceio','281.005.458-47','436.071-3',15,11),(1478,'Juan Fogaa','257.070.810-03','227.730-7',16,11),(1479,'Julio Brito','948.686.405-50','209.510-5',19,11),(1480,'Hugo Elias Vieiras','525.389.480-29','185.987-8',15,12),(1481,'Heitor Baptista','056.014.635-30','457.811-4',16,12),(1482,'Rafael Lopes','100.047.586-76','407.917-0',15,12),(1483,'Lucas Silva','713.380.867-66','209.862-7',16,12),(1484,'Anthony Carvalho','345.426.416-27','413.299-5',19,12),(1485,'Luis Edson Lopes','028.257.095-06','167.556-5',15,13),(1486,'Mateus Carlos Vicente','111.028.515-90','213.998-6',16,13),(1487,'Ian Mendes','123.503.508-51','498.720-7',15,13),(1488,'Roberto Ramos','206.692.459-84','431.306-7',16,13),(1489,'Aparecida Pietra','431.329.225-01','251.674-5',19,13),(1490,'Bruno Rezende','814.679.737-77','169.695-6',15,14),(1491,'Pedro Vieira','178.819.339-33','462.965-6',16,14),(1492,'Hadassa Isabelle Marina','015.296.268-97','311.695-0',15,14),(1493,'Ricardo Bernardes','945.894.403-18','507.152-8',16,14),(1494,'Kaique da Paz','701.715.209-39','379.649-3',19,14),(1495,'Tiago Assuno','398.469.238-21','431.146-9',15,15),(1496,'Carlos Eduardo Novaes','944.806.791-70','319.202-3',16,15),(1497,'Henry Caldeira','149.713.454-42','140.092-5',15,15),(1498,'Ryan Farias','563.573.306-98','467.420-1',16,15),(1499,'Thiago Moraes','613.011.848-10','144.946-6',19,15),(1500,'Vincus Paulo Arajo','820.089.166-69','488.860-3',15,16),(1501,'Juan Denedito de Souza','336.663.445-6','336.680-9',16,16),(1502,'Renato Rezende','993.368.741-79','482.450-2',15,16),(1503,'Julia Peixer','588.076.790-60','132.258-5',16,16),(1504,'Francisco Almeida','657.261.532-43','388.233-6',19,16),(1505,'Yuri Oliveira','849.116.545-20','178.107-1',16,16),(1506,'Enzo Henrique Fernandes','065.002.104-50','319.855-6',15,16),(1507,'Rodrigo Enrico Brito','111.619.221-72','366.892-2',17,16),(1508,'Emily Brito','105.632.249-75','407.209-8',15,16),(1509,'Igor Thales de Paula','685.246.152-14','125.361-5',17,16),(1510,'Osvaldo Galvo','521.586.035-18','371.575-5',15,17),(1511,'Anderson Barbosa','652.647.356-38','108.160-7',16,17),(1512,'Enzo Diego dos Santos','671.551.179-94','484.335-6',15,17),(1513,'Felipe Arago','185.124.233-31','148.021-2',16,17),(1514,'Mrio Edson Gonalves','490.910.963-30','264.067-5',19,17),(1515,'Erick Breno Severino','611.940.209-84','447.257-2',16,17),(1516,'Esther Nair Lara','938.523.721-78','102.776-4',15,17),(1517,'Otvio Peixeto','432.806.603-00','200.649-3',17,17),(1518,'Cau Baptista','920.059.759-90','441.448-3',15,17),(1519,'Emanuel Lus','621.303.105-75','171.392-5',15,18),(1520,'Bryan Lorenzo Santos','107.729.636-30','161.452-6',16,18),(1521,'Tereza Souza','582.604.680-50','262.724-4',15,18),(1522,'Thomas Duarte','523.782.546-01','279.135-3',16,18),(1523,'Ricardo Hugo','008.425.303-71','254.261-3',19,18),(1524,'Leandro Cesar Severino','618.386.463-37','294.599-3',16,18),(1525,'Denilso Jos de Oliveira','074.227.329-62','138.088-0',15,18),(1526,'Jorge Fernando Almeida','842.679.789-05','227.925-9',17,18),(1527,'Hermes Heizen','026.360.110-21','582.411-6',26,21),(1528,'Dagoberto Tavares','186.465.320-54','630.250-1',25,21),(1529,'savana','009.009.009-09','090.909-0',17,3),(1530,'Elias Cordeiro','010.010.010-10','010.101-0',18,9),(1531,'GEGE DA SILVA','432.145.098-00','334.443-7',15,1),(1532,'MACABEU FARIAS','454.545.454-54','454.545-4',32,27),(1533,'ATAIDE ALCEBIADES','767.676.767-67','776.767-6',20,5),(1534,'JAMAICA SANTOS SARAIVA','067.805.697-80','456.984-0',18,6),(1535,'SAVAIVA FERNANDES','576.948.576-98','347.673-9',21,8);
/*!40000 ALTER TABLE `militar` ENABLE KEYS */;
UNLOCK TABLES;

--
-- Table structure for table `movimentacao`
--

DROP TABLE IF EXISTS `movimentacao`;
/*!40101 SET @saved_cs_client     = @@character_set_client */;
/*!50503 SET character_set_client = utf8mb4 */;
CREATE TABLE `movimentacao` (
  `id` int NOT NULL AUTO_INCREMENT,
  `idMilitar` int DEFAULT NULL,
  `idOrigem` int DEFAULT NULL,
  `idDestino` int DEFAULT NULL,
  `dataMov` date DEFAULT NULL,
  `porcentagem` float DEFAULT NULL,
  `valor` float DEFAULT NULL,
  `pago` varchar(3) DEFAULT NULL,
  PRIMARY KEY (`id`),
  KEY `fk_militarMov` (`idMilitar`),
  KEY `fk_origem` (`idOrigem`),
  KEY `fk_destino` (`idDestino`),
  CONSTRAINT `fk_destino` FOREIGN KEY (`idDestino`) REFERENCES `lotacao` (`id`),
  CONSTRAINT `fk_militarMov` FOREIGN KEY (`idMilitar`) REFERENCES `militar` (`id`),
  CONSTRAINT `fk_origem` FOREIGN KEY (`idOrigem`) REFERENCES `lotacao` (`id`)
) ENGINE=InnoDB AUTO_INCREMENT=8 DEFAULT CHARSET=utf8mb4 COLLATE=utf8mb4_0900_ai_ci;
/*!40101 SET character_set_client = @saved_cs_client */;

--
-- Dumping data for table `movimentacao`
--

LOCK TABLES `movimentacao` WRITE;
/*!40000 ALTER TABLE `movimentacao` DISABLE KEYS */;
INSERT INTO `movimentacao` VALUES (2,1300,15,12,'2023-02-02',50,3250,'SIM'),(6,1531,1,18,'2023-02-01',50,1000,'SIM'),(7,1288,24,20,'2023-03-03',75,5250,'SIM');
/*!40000 ALTER TABLE `movimentacao` ENABLE KEYS */;
UNLOCK TABLES;

--
-- Table structure for table `posto_graduacao`
--

DROP TABLE IF EXISTS `posto_graduacao`;
/*!40101 SET @saved_cs_client     = @@character_set_client */;
/*!50503 SET character_set_client = utf8mb4 */;
CREATE TABLE `posto_graduacao` (
  `id` int NOT NULL AUTO_INCREMENT,
  `posto_graduacao` varchar(45) DEFAULT NULL,
  `salario` float DEFAULT NULL,
  PRIMARY KEY (`id`)
) ENGINE=InnoDB AUTO_INCREMENT=33 DEFAULT CHARSET=utf8mb4 COLLATE=utf8mb4_0900_ai_ci;
/*!40101 SET character_set_client = @saved_cs_client */;

--
-- Dumping data for table `posto_graduacao`
--

LOCK TABLES `posto_graduacao` WRITE;
/*!40000 ALTER TABLE `posto_graduacao` DISABLE KEYS */;
INSERT INTO `posto_graduacao` VALUES (15,'Soldado',2000),(16,'Cabo',2500),(17,'3 Sargento',3000),(18,'2 Sargento',3500),(19,'1 Sarsgento',4000),(20,'Subtenente',4500),(21,'Cadete',5000),(22,'Aspirante',5500),(23,'2 Tenente',6000),(24,'1 Tenente',6500),(25,'Capto',7000),(26,'Major',7500),(27,'Tenente Coronel',8000),(28,'Coronel',8500),(29,'Marechal do Ar',30000),(30,'Brigadeiro',30000),(31,'GENERAL-MOR',25000),(32,'MARECHAL DO AR',25000);
/*!40000 ALTER TABLE `posto_graduacao` ENABLE KEYS */;
UNLOCK TABLES;

--
-- Table structure for table `relacao_dependencia`
--

DROP TABLE IF EXISTS `relacao_dependencia`;
/*!40101 SET @saved_cs_client     = @@character_set_client */;
/*!50503 SET character_set_client = utf8mb4 */;
CREATE TABLE `relacao_dependencia` (
  `Id` int NOT NULL AUTO_INCREMENT,
  `Nome_Relacao` varchar(20) DEFAULT NULL,
  PRIMARY KEY (`Id`)
) ENGINE=InnoDB AUTO_INCREMENT=5 DEFAULT CHARSET=utf8mb4 COLLATE=utf8mb4_0900_ai_ci;
/*!40101 SET character_set_client = @saved_cs_client */;

--
-- Dumping data for table `relacao_dependencia`
--

LOCK TABLES `relacao_dependencia` WRITE;
/*!40000 ALTER TABLE `relacao_dependencia` DISABLE KEYS */;
INSERT INTO `relacao_dependencia` VALUES (1,'Cnjuge'),(2,'Companheiro(a)'),(3,'Filho(a)'),(4,'Enteado(a)');
/*!40000 ALTER TABLE `relacao_dependencia` ENABLE KEYS */;
UNLOCK TABLES;
/*!40103 SET TIME_ZONE=@OLD_TIME_ZONE */;

/*!40101 SET SQL_MODE=@OLD_SQL_MODE */;
/*!40014 SET FOREIGN_KEY_CHECKS=@OLD_FOREIGN_KEY_CHECKS */;
/*!40014 SET UNIQUE_CHECKS=@OLD_UNIQUE_CHECKS */;
/*!40101 SET CHARACTER_SET_CLIENT=@OLD_CHARACTER_SET_CLIENT */;
/*!40101 SET CHARACTER_SET_RESULTS=@OLD_CHARACTER_SET_RESULTS */;
/*!40101 SET COLLATION_CONNECTION=@OLD_COLLATION_CONNECTION */;
/*!40111 SET SQL_NOTES=@OLD_SQL_NOTES */;

-- Dump completed on 2023-05-27 22:05:58
