-- MySQL dump 10.13  Distrib 8.0.34, for Win64 (x86_64)
--
-- Host: localhost    Database: pagamento_cbmsc
-- ------------------------------------------------------
-- Server version	8.0.34

/*!40101 SET @OLD_CHARACTER_SET_CLIENT=@@CHARACTER_SET_CLIENT */;
/*!40101 SET @OLD_CHARACTER_SET_RESULTS=@@CHARACTER_SET_RESULTS */;
/*!40101 SET @OLD_COLLATION_CONNECTION=@@COLLATION_CONNECTION */;
/*!50503 SET NAMES utf8 */;
/*!40103 SET @OLD_TIME_ZONE=@@TIME_ZONE */;
/*!40103 SET TIME_ZONE='+00:00' */;
/*!40014 SET @OLD_UNIQUE_CHECKS=@@UNIQUE_CHECKS, UNIQUE_CHECKS=0 */;
/*!40014 SET @OLD_FOREIGN_KEY_CHECKS=@@FOREIGN_KEY_CHECKS, FOREIGN_KEY_CHECKS=0 */;
/*!40101 SET @OLD_SQL_MODE=@@SQL_MODE, SQL_MODE='NO_AUTO_VALUE_ON_ZERO' */;
/*!40111 SET @OLD_SQL_NOTES=@@SQL_NOTES, SQL_NOTES=0 */;

--
-- Table structure for table `competencia`
--

DROP TABLE IF EXISTS `competencia`;
/*!40101 SET @saved_cs_client     = @@character_set_client */;
/*!50503 SET character_set_client = utf8mb4 */;
CREATE TABLE `competencia` (
  `id` int NOT NULL AUTO_INCREMENT,
  `dataCompetencia` date DEFAULT NULL,
  PRIMARY KEY (`id`)
) ENGINE=InnoDB AUTO_INCREMENT=24 DEFAULT CHARSET=utf8mb4 COLLATE=utf8mb4_0900_ai_ci;
/*!40101 SET character_set_client = @saved_cs_client */;

--
-- Dumping data for table `competencia`
--

LOCK TABLES `competencia` WRITE;
/*!40000 ALTER TABLE `competencia` DISABLE KEYS */;
INSERT INTO `competencia` VALUES (23,'2023-01-25');
/*!40000 ALTER TABLE `competencia` ENABLE KEYS */;
UNLOCK TABLES;

--
-- Table structure for table `contracheque`
--

DROP TABLE IF EXISTS `contracheque`;
/*!40101 SET @saved_cs_client     = @@character_set_client */;
/*!50503 SET character_set_client = utf8mb4 */;
CREATE TABLE `contracheque` (
  `Id` int NOT NULL AUTO_INCREMENT,
  `Id_Militar` int NOT NULL,
  `Data_Contracheque` date NOT NULL,
  `Subsidio` decimal(8,2) NOT NULL,
  `Indice_Ajuda_Custo` decimal(5,2) DEFAULT NULL,
  `Valor_Ajuda_Custo` decimal(7,2) DEFAULT NULL,
  `Salario_Bruto` decimal(8,2) DEFAULT NULL,
  `Indice_Previdencia` decimal(4,2) DEFAULT NULL,
  `Valor_Previdencia` decimal(8,2) DEFAULT NULL,
  `Indice_Imposto_Renda` decimal(4,2) DEFAULT NULL,
  `Valor_Imposto_Renda` decimal(8,2) DEFAULT NULL,
  `Salario_Liquido` decimal(8,2) DEFAULT NULL,
  PRIMARY KEY (`Id`),
  KEY `IDX_DATA` (`Data_Contracheque`),
  KEY `fk_militar_idx` (`Id_Militar`),
  CONSTRAINT `fk_militar_contracheque` FOREIGN KEY (`Id_Militar`) REFERENCES `militar` (`id`)
) ENGINE=InnoDB AUTO_INCREMENT=6883 DEFAULT CHARSET=utf8mb4 COLLATE=utf8mb4_0900_ai_ci;
/*!40101 SET character_set_client = @saved_cs_client */;

--
-- Dumping data for table `contracheque`
--

LOCK TABLES `contracheque` WRITE;
/*!40000 ALTER TABLE `contracheque` DISABLE KEYS */;
INSERT INTO `contracheque` VALUES (6618,1276,'2023-01-25',8500.00,75.00,6375.00,14875.00,0.10,850.00,27.50,1218.79,12806.21),(6619,1277,'2023-01-25',8500.00,0.00,0.00,8500.00,0.10,850.00,27.50,1218.79,6431.21),(6620,1278,'2023-01-25',8000.00,0.00,0.00,8000.00,0.10,800.00,27.50,1095.04,6104.96),(6621,1279,'2023-01-25',8000.00,0.00,0.00,8000.00,0.10,800.00,27.50,1095.04,6104.96),(6622,1280,'2023-01-25',8000.00,0.00,0.00,8000.00,0.10,800.00,27.50,1095.04,6104.96),(6623,1281,'2023-01-25',8000.00,0.00,0.00,8000.00,0.10,800.00,27.50,1095.04,6104.96),(6624,1282,'2023-01-25',7500.00,0.00,0.00,7500.00,0.10,750.00,27.50,971.29,5778.71),(6625,1283,'2023-01-25',7500.00,0.00,0.00,7500.00,0.10,750.00,27.50,971.29,5778.71),(6626,1284,'2023-01-25',7500.00,0.00,0.00,7500.00,0.10,750.00,27.50,971.29,5778.71),(6627,1285,'2023-01-25',7500.00,0.00,0.00,7500.00,0.10,750.00,27.50,971.29,5778.71),(6628,1286,'2023-01-25',7500.00,0.00,0.00,7500.00,0.10,750.00,27.50,971.29,5778.71),(6629,1287,'2023-01-25',7500.00,0.00,0.00,7500.00,0.10,750.00,27.50,971.29,5778.71),(6630,1288,'2023-01-25',7000.00,0.00,0.00,7000.00,0.10,700.00,27.50,847.54,5452.46),(6631,1289,'2023-01-25',7000.00,0.00,0.00,7000.00,0.10,700.00,27.50,847.54,5452.46),(6632,1290,'2023-01-25',7000.00,0.00,0.00,7000.00,0.10,700.00,27.50,847.54,5452.46),(6633,1291,'2023-01-25',7000.00,0.00,0.00,7000.00,0.10,700.00,27.50,847.54,5452.46),(6634,1292,'2023-01-25',7000.00,50.00,3500.00,10500.00,0.10,700.00,27.50,847.54,8952.46),(6635,1293,'2023-01-25',7000.00,0.00,0.00,7000.00,0.10,700.00,27.50,847.54,5452.46),(6636,1294,'2023-01-25',6500.00,0.00,0.00,6500.00,0.10,650.00,27.50,723.79,5126.21),(6637,1295,'2023-01-25',6000.00,0.00,0.00,6000.00,0.10,600.00,27.50,600.04,4799.96),(6638,1296,'2023-01-25',4500.00,0.00,0.00,4500.00,0.10,450.00,22.50,259.52,3790.48),(6639,1297,'2023-01-25',4500.00,0.00,0.00,4500.00,0.10,450.00,22.50,259.52,3790.48),(6640,1298,'2023-01-25',6000.00,0.00,0.00,6000.00,0.10,600.00,27.50,600.04,4799.96),(6641,1299,'2023-01-25',6500.00,0.00,0.00,6500.00,0.10,650.00,27.50,723.79,5126.21),(6642,1300,'2023-01-25',6500.00,0.00,0.00,6500.00,0.10,650.00,27.50,723.79,5126.21),(6643,1301,'2023-01-25',6000.00,0.00,0.00,6000.00,0.10,600.00,27.50,600.04,4799.96),(6644,1302,'2023-01-25',4500.00,0.00,0.00,4500.00,0.10,450.00,22.50,259.52,3790.48),(6645,1303,'2023-01-25',4500.00,0.00,0.00,4500.00,0.10,450.00,22.50,259.52,3790.48),(6646,1304,'2023-01-25',6000.00,0.00,0.00,6000.00,0.10,600.00,27.50,600.04,4799.96),(6647,1305,'2023-01-25',6500.00,0.00,0.00,6500.00,0.10,650.00,27.50,723.79,5126.21),(6648,1306,'2023-01-25',6000.00,0.00,0.00,6000.00,0.10,600.00,27.50,600.04,4799.96),(6649,1307,'2023-01-25',4500.00,0.00,0.00,4500.00,0.10,450.00,22.50,259.52,3790.48),(6650,1308,'2023-01-25',6000.00,0.00,0.00,6000.00,0.10,600.00,27.50,600.04,4799.96),(6651,1309,'2023-01-25',6500.00,0.00,0.00,6500.00,0.10,650.00,27.50,723.79,5126.21),(6652,1310,'2023-01-25',6500.00,0.00,0.00,6500.00,0.10,650.00,27.50,723.79,5126.21),(6653,1311,'2023-01-25',6000.00,0.00,0.00,6000.00,0.10,600.00,27.50,600.04,4799.96),(6654,1312,'2023-01-25',4500.00,0.00,0.00,4500.00,0.10,450.00,22.50,259.52,3790.48),(6655,1313,'2023-01-25',6500.00,0.00,0.00,6500.00,0.10,650.00,27.50,723.79,5126.21),(6656,1314,'2023-01-25',6000.00,0.00,0.00,6000.00,0.10,600.00,27.50,600.04,4799.96),(6657,1315,'2023-01-25',4500.00,0.00,0.00,4500.00,0.10,450.00,22.50,259.52,3790.48),(6658,1316,'2023-01-25',6500.00,0.00,0.00,6500.00,0.10,650.00,27.50,723.79,5126.21),(6659,1317,'2023-01-25',6500.00,0.00,0.00,6500.00,0.10,650.00,27.50,723.79,5126.21),(6660,1318,'2023-01-25',4500.00,0.00,0.00,4500.00,0.10,450.00,22.50,259.52,3790.48),(6661,1319,'2023-01-25',4500.00,0.00,0.00,4500.00,0.10,450.00,22.50,259.52,3790.48),(6662,1320,'2023-01-25',6000.00,0.00,0.00,6000.00,0.10,600.00,27.50,600.04,4799.96),(6663,1321,'2023-01-25',6500.00,0.00,0.00,6500.00,0.10,650.00,27.50,723.79,5126.21),(6664,1322,'2023-01-25',4500.00,0.00,0.00,4500.00,0.10,450.00,22.50,259.52,3790.48),(6665,1323,'2023-01-25',6000.00,0.00,0.00,6000.00,0.10,600.00,27.50,600.04,4799.96),(6666,1324,'2023-01-25',6500.00,0.00,0.00,6500.00,0.10,650.00,27.50,723.79,5126.21),(6667,1325,'2023-01-25',4500.00,0.00,0.00,4500.00,0.10,450.00,22.50,259.52,3790.48),(6668,1326,'2023-01-25',6000.00,0.00,0.00,6000.00,0.10,600.00,27.50,600.04,4799.96),(6669,1327,'2023-01-25',6000.00,0.00,0.00,6000.00,0.10,600.00,27.50,600.04,4799.96),(6670,1328,'2023-01-25',6500.00,0.00,0.00,6500.00,0.10,650.00,27.50,723.79,5126.21),(6671,1329,'2023-01-25',6500.00,0.00,0.00,6500.00,0.10,650.00,27.50,723.79,5126.21),(6672,1330,'2023-01-25',4500.00,0.00,0.00,4500.00,0.10,450.00,22.50,259.52,3790.48),(6673,1331,'2023-01-25',4500.00,0.00,0.00,4500.00,0.10,450.00,22.50,259.52,3790.48),(6674,1332,'2023-01-25',6500.00,0.00,0.00,6500.00,0.10,650.00,27.50,723.79,5126.21),(6675,1333,'2023-01-25',6000.00,0.00,0.00,6000.00,0.10,600.00,27.50,600.04,4799.96),(6676,1334,'2023-01-25',4500.00,0.00,0.00,4500.00,0.10,450.00,22.50,259.52,3790.48),(6677,1335,'2023-01-25',6500.00,0.00,0.00,6500.00,0.10,650.00,27.50,723.79,5126.21),(6678,1336,'2023-01-25',6000.00,0.00,0.00,6000.00,0.10,600.00,27.50,600.04,4799.96),(6679,1337,'2023-01-25',4500.00,0.00,0.00,4500.00,0.10,450.00,22.50,259.52,3790.48),(6680,1338,'2023-01-25',6500.00,0.00,0.00,6500.00,0.10,650.00,27.50,723.79,5126.21),(6681,1339,'2023-01-25',4500.00,0.00,0.00,4500.00,0.10,450.00,22.50,259.52,3790.48),(6682,1340,'2023-01-25',6000.00,0.00,0.00,6000.00,0.10,600.00,27.50,600.04,4799.96),(6683,1341,'2023-01-25',6500.00,0.00,0.00,6500.00,0.10,650.00,27.50,723.79,5126.21),(6684,1342,'2023-01-25',4500.00,0.00,0.00,4500.00,0.10,450.00,22.50,259.52,3790.48),(6685,1343,'2023-01-25',6000.00,0.00,0.00,6000.00,0.10,600.00,27.50,600.04,4799.96),(6686,1344,'2023-01-25',6500.00,0.00,0.00,6500.00,0.10,650.00,27.50,723.79,5126.21),(6687,1345,'2023-01-25',6500.00,0.00,0.00,6500.00,0.10,650.00,27.50,723.79,5126.21),(6688,1346,'2023-01-25',4500.00,0.00,0.00,4500.00,0.10,450.00,22.50,259.52,3790.48),(6689,1347,'2023-01-25',4500.00,0.00,0.00,4500.00,0.10,450.00,22.50,259.52,3790.48),(6690,1348,'2023-01-25',6000.00,0.00,0.00,6000.00,0.10,600.00,27.50,600.04,4799.96),(6691,1349,'2023-01-25',6500.00,0.00,0.00,6500.00,0.10,650.00,27.50,723.79,5126.21),(6692,1350,'2023-01-25',4500.00,0.00,0.00,4500.00,0.10,450.00,22.50,259.52,3790.48),(6693,1351,'2023-01-25',6000.00,0.00,0.00,6000.00,0.10,600.00,27.50,600.04,4799.96),(6694,1352,'2023-01-25',4500.00,0.00,0.00,4500.00,0.10,450.00,22.50,259.52,3790.48),(6695,1353,'2023-01-25',6500.00,0.00,0.00,6500.00,0.10,650.00,27.50,723.79,5126.21),(6696,1354,'2023-01-25',6000.00,0.00,0.00,6000.00,0.10,600.00,27.50,600.04,4799.96),(6697,1355,'2023-01-25',4500.00,0.00,0.00,4500.00,0.10,450.00,22.50,259.52,3790.48),(6698,1356,'2023-01-25',6000.00,0.00,0.00,6000.00,0.10,600.00,27.50,600.04,4799.96),(6699,1357,'2023-01-25',6500.00,0.00,0.00,6500.00,0.10,650.00,27.50,723.79,5126.21),(6700,1358,'2023-01-25',6000.00,0.00,0.00,6000.00,0.10,600.00,27.50,600.04,4799.96),(6701,1359,'2023-01-25',4500.00,0.00,0.00,4500.00,0.10,450.00,22.50,259.52,3790.48),(6702,1360,'2023-01-25',4500.00,0.00,0.00,4500.00,0.10,450.00,22.50,259.52,3790.48),(6703,1361,'2023-01-25',6000.00,0.00,0.00,6000.00,0.10,600.00,27.50,600.04,4799.96),(6704,1362,'2023-01-25',6500.00,0.00,0.00,6500.00,0.10,650.00,27.50,723.79,5126.21),(6705,1363,'2023-01-25',6500.00,0.00,0.00,6500.00,0.10,650.00,27.50,723.79,5126.21),(6706,1364,'2023-01-25',6000.00,0.00,0.00,6000.00,0.10,600.00,27.50,600.04,4799.96),(6707,1365,'2023-01-25',4500.00,0.00,0.00,4500.00,0.10,450.00,22.50,259.52,3790.48),(6708,1366,'2023-01-25',2000.00,0.00,0.00,2000.00,0.10,200.00,0.00,0.00,1800.00),(6709,1367,'2023-01-25',2500.00,0.00,0.00,2500.00,0.10,250.00,7.50,10.35,2239.65),(6710,1368,'2023-01-25',2000.00,0.00,0.00,2000.00,0.10,200.00,0.00,0.00,1800.00),(6711,1369,'2023-01-25',2500.00,0.00,0.00,2500.00,0.10,250.00,7.50,10.35,2239.65),(6712,1370,'2023-01-25',2000.00,0.00,0.00,2000.00,0.10,200.00,0.00,0.00,1800.00),(6713,1371,'2023-01-25',2500.00,0.00,0.00,2500.00,0.10,250.00,7.50,10.35,2239.65),(6714,1372,'2023-01-25',2000.00,0.00,0.00,2000.00,0.10,200.00,0.00,0.00,1800.00),(6715,1373,'2023-01-25',2500.00,0.00,0.00,2500.00,0.10,250.00,7.50,10.35,2239.65),(6716,1374,'2023-01-25',2000.00,0.00,0.00,2000.00,0.10,200.00,0.00,0.00,1800.00),(6717,1375,'2023-01-25',2000.00,0.00,0.00,2000.00,0.10,200.00,0.00,0.00,1800.00),(6718,1376,'2023-01-25',3000.00,0.00,0.00,3000.00,0.10,300.00,7.50,44.10,2655.90),(6719,1377,'2023-01-25',3500.00,0.00,0.00,3500.00,0.10,350.00,15.00,102.10,3047.90),(6720,1378,'2023-01-25',4000.00,0.00,0.00,4000.00,0.10,400.00,15.00,169.60,3430.40),(6721,1379,'2023-01-25',2000.00,0.00,0.00,2000.00,0.10,200.00,0.00,0.00,1800.00),(6722,1380,'2023-01-25',2500.00,0.00,0.00,2500.00,0.10,250.00,7.50,10.35,2239.65),(6723,1381,'2023-01-25',2500.00,0.00,0.00,2500.00,0.10,250.00,7.50,10.35,2239.65),(6724,1382,'2023-01-25',2500.00,0.00,0.00,2500.00,0.10,250.00,7.50,10.35,2239.65),(6725,1383,'2023-01-25',2000.00,0.00,0.00,2000.00,0.10,200.00,0.00,0.00,1800.00),(6726,1384,'2023-01-25',2500.00,0.00,0.00,2500.00,0.10,250.00,7.50,10.35,2239.65),(6727,1385,'2023-01-25',2000.00,0.00,0.00,2000.00,0.10,200.00,0.00,0.00,1800.00),(6728,1386,'2023-01-25',2500.00,0.00,0.00,2500.00,0.10,250.00,7.50,10.35,2239.65),(6729,1387,'2023-01-25',2000.00,0.00,0.00,2000.00,0.10,200.00,0.00,0.00,1800.00),(6730,1388,'2023-01-25',2500.00,0.00,0.00,2500.00,0.10,250.00,7.50,10.35,2239.65),(6731,1389,'2023-01-25',2500.00,0.00,0.00,2500.00,0.10,250.00,7.50,10.35,2239.65),(6732,1390,'2023-01-25',4000.00,0.00,0.00,4000.00,0.10,400.00,15.00,169.60,3430.40),(6733,1391,'2023-01-25',2000.00,0.00,0.00,2000.00,0.10,200.00,0.00,0.00,1800.00),(6734,1392,'2023-01-25',2500.00,0.00,0.00,2500.00,0.10,250.00,7.50,10.35,2239.65),(6735,1393,'2023-01-25',2500.00,0.00,0.00,2500.00,0.10,250.00,7.50,10.35,2239.65),(6736,1394,'2023-01-25',2000.00,0.00,0.00,2000.00,0.10,200.00,0.00,0.00,1800.00),(6737,1395,'2023-01-25',2000.00,0.00,0.00,2000.00,0.10,200.00,0.00,0.00,1800.00),(6738,1396,'2023-01-25',2500.00,0.00,0.00,2500.00,0.10,250.00,7.50,10.35,2239.65),(6739,1397,'2023-01-25',2000.00,0.00,0.00,2000.00,0.10,200.00,0.00,0.00,1800.00),(6740,1398,'2023-01-25',2500.00,0.00,0.00,2500.00,0.10,250.00,7.50,10.35,2239.65),(6741,1399,'2023-01-25',2000.00,0.00,0.00,2000.00,0.10,200.00,0.00,0.00,1800.00),(6742,1400,'2023-01-25',2500.00,0.00,0.00,2500.00,0.10,250.00,7.50,10.35,2239.65),(6743,1401,'2023-01-25',2000.00,0.00,0.00,2000.00,0.10,200.00,0.00,0.00,1800.00),(6744,1402,'2023-01-25',3500.00,0.00,0.00,3500.00,0.10,350.00,15.00,102.10,3047.90),(6745,1403,'2023-01-25',2000.00,0.00,0.00,2000.00,0.10,200.00,0.00,0.00,1800.00),(6746,1404,'2023-01-25',2000.00,0.00,0.00,2000.00,0.10,200.00,0.00,0.00,1800.00),(6747,1405,'2023-01-25',2500.00,0.00,0.00,2500.00,0.10,250.00,7.50,10.35,2239.65),(6748,1406,'2023-01-25',2000.00,0.00,0.00,2000.00,0.10,200.00,0.00,0.00,1800.00),(6749,1407,'2023-01-25',2500.00,0.00,0.00,2500.00,0.10,250.00,7.50,10.35,2239.65),(6750,1408,'2023-01-25',2000.00,0.00,0.00,2000.00,0.10,200.00,0.00,0.00,1800.00),(6751,1409,'2023-01-25',2500.00,0.00,0.00,2500.00,0.10,250.00,7.50,10.35,2239.65),(6752,1410,'2023-01-25',2000.00,0.00,0.00,2000.00,0.10,200.00,0.00,0.00,1800.00),(6753,1411,'2023-01-25',2500.00,0.00,0.00,2500.00,0.10,250.00,7.50,10.35,2239.65),(6754,1412,'2023-01-25',2000.00,0.00,0.00,2000.00,0.10,200.00,0.00,0.00,1800.00),(6755,1413,'2023-01-25',2500.00,0.00,0.00,2500.00,0.10,250.00,7.50,10.35,2239.65),(6756,1414,'2023-01-25',3000.00,0.00,0.00,3000.00,0.10,300.00,7.50,44.10,2655.90),(6757,1415,'2023-01-25',3500.00,0.00,0.00,3500.00,0.10,350.00,15.00,102.10,3047.90),(6758,1416,'2023-01-25',4000.00,0.00,0.00,4000.00,0.10,400.00,15.00,169.60,3430.40),(6759,1417,'2023-01-25',2000.00,0.00,0.00,2000.00,0.10,200.00,0.00,0.00,1800.00),(6760,1418,'2023-01-25',2500.00,0.00,0.00,2500.00,0.10,250.00,7.50,10.35,2239.65),(6761,1419,'2023-01-25',2000.00,0.00,0.00,2000.00,0.10,200.00,0.00,0.00,1800.00),(6762,1420,'2023-01-25',2500.00,0.00,0.00,2500.00,0.10,250.00,7.50,10.35,2239.65),(6763,1421,'2023-01-25',2500.00,0.00,0.00,2500.00,0.10,250.00,7.50,10.35,2239.65),(6764,1422,'2023-01-25',2000.00,0.00,0.00,2000.00,0.10,200.00,0.00,0.00,1800.00),(6765,1423,'2023-01-25',2000.00,0.00,0.00,2000.00,0.10,200.00,0.00,0.00,1800.00),(6766,1424,'2023-01-25',2500.00,0.00,0.00,2500.00,0.10,250.00,7.50,10.35,2239.65),(6767,1425,'2023-01-25',2000.00,0.00,0.00,2000.00,0.10,200.00,0.00,0.00,1800.00),(6768,1426,'2023-01-25',2500.00,0.00,0.00,2500.00,0.10,250.00,7.50,10.35,2239.65),(6769,1427,'2023-01-25',2000.00,0.00,0.00,2000.00,0.10,200.00,0.00,0.00,1800.00),(6770,1428,'2023-01-25',3500.00,0.00,0.00,3500.00,0.10,350.00,15.00,102.10,3047.90),(6771,1429,'2023-01-25',4000.00,0.00,0.00,4000.00,0.10,400.00,15.00,169.60,3430.40),(6772,1430,'2023-01-25',2000.00,0.00,0.00,2000.00,0.10,200.00,0.00,0.00,1800.00),(6773,1431,'2023-01-25',2500.00,0.00,0.00,2500.00,0.10,250.00,7.50,10.35,2239.65),(6774,1432,'2023-01-25',2000.00,0.00,0.00,2000.00,0.10,200.00,0.00,0.00,1800.00),(6775,1433,'2023-01-25',2000.00,0.00,0.00,2000.00,0.10,200.00,0.00,0.00,1800.00),(6776,1434,'2023-01-25',2000.00,0.00,0.00,2000.00,0.10,200.00,0.00,0.00,1800.00),(6777,1435,'2023-01-25',2000.00,0.00,0.00,2000.00,0.10,200.00,0.00,0.00,1800.00),(6778,1436,'2023-01-25',2000.00,0.00,0.00,2000.00,0.10,200.00,0.00,0.00,1800.00),(6779,1437,'2023-01-25',2500.00,0.00,0.00,2500.00,0.10,250.00,7.50,10.35,2239.65),(6780,1438,'2023-01-25',2000.00,0.00,0.00,2000.00,0.10,200.00,0.00,0.00,1800.00),(6781,1439,'2023-01-25',2500.00,0.00,0.00,2500.00,0.10,250.00,7.50,10.35,2239.65),(6782,1440,'2023-01-25',3000.00,0.00,0.00,3000.00,0.10,300.00,7.50,44.10,2655.90),(6783,1441,'2023-01-25',3500.00,0.00,0.00,3500.00,0.10,350.00,15.00,102.10,3047.90),(6784,1442,'2023-01-25',4000.00,0.00,0.00,4000.00,0.10,400.00,15.00,169.60,3430.40),(6785,1443,'2023-01-25',2000.00,0.00,0.00,2000.00,0.10,200.00,0.00,0.00,1800.00),(6786,1444,'2023-01-25',2500.00,0.00,0.00,2500.00,0.10,250.00,7.50,10.35,2239.65),(6787,1445,'2023-01-25',2000.00,0.00,0.00,2000.00,0.10,200.00,0.00,0.00,1800.00),(6788,1446,'2023-01-25',2500.00,0.00,0.00,2500.00,0.10,250.00,7.50,10.35,2239.65),(6789,1447,'2023-01-25',4000.00,0.00,0.00,4000.00,0.10,400.00,15.00,169.60,3430.40),(6790,1448,'2023-01-25',2500.00,0.00,0.00,2500.00,0.10,250.00,7.50,10.35,2239.65),(6791,1449,'2023-01-25',2000.00,0.00,0.00,2000.00,0.10,200.00,0.00,0.00,1800.00),(6792,1450,'2023-01-25',3000.00,0.00,0.00,3000.00,0.10,300.00,7.50,44.10,2655.90),(6793,1451,'2023-01-25',2000.00,0.00,0.00,2000.00,0.10,200.00,0.00,0.00,1800.00),(6794,1452,'2023-01-25',2500.00,0.00,0.00,2500.00,0.10,250.00,7.50,10.35,2239.65),(6795,1453,'2023-01-25',2000.00,0.00,0.00,2000.00,0.10,200.00,0.00,0.00,1800.00),(6796,1454,'2023-01-25',2500.00,0.00,0.00,2500.00,0.10,250.00,7.50,10.35,2239.65),(6797,1455,'2023-01-25',4000.00,0.00,0.00,4000.00,0.10,400.00,15.00,169.60,3430.40),(6798,1456,'2023-01-25',2500.00,0.00,0.00,2500.00,0.10,250.00,7.50,10.35,2239.65),(6799,1457,'2023-01-25',2000.00,0.00,0.00,2000.00,0.10,200.00,0.00,0.00,1800.00),(6800,1458,'2023-01-25',3000.00,0.00,0.00,3000.00,0.10,300.00,7.50,44.10,2655.90),(6801,1459,'2023-01-25',2000.00,0.00,0.00,2000.00,0.10,200.00,0.00,0.00,1800.00),(6802,1460,'2023-01-25',2500.00,0.00,0.00,2500.00,0.10,250.00,7.50,10.35,2239.65),(6803,1461,'2023-01-25',2000.00,0.00,0.00,2000.00,0.10,200.00,0.00,0.00,1800.00),(6804,1462,'2023-01-25',2500.00,0.00,0.00,2500.00,0.10,250.00,7.50,10.35,2239.65),(6805,1463,'2023-01-25',4000.00,0.00,0.00,4000.00,0.10,400.00,15.00,169.60,3430.40),(6806,1464,'2023-01-25',2500.00,0.00,0.00,2500.00,0.10,250.00,7.50,10.35,2239.65),(6807,1465,'2023-01-25',2000.00,0.00,0.00,2000.00,0.10,200.00,0.00,0.00,1800.00),(6808,1466,'2023-01-25',3000.00,0.00,0.00,3000.00,0.10,300.00,7.50,44.10,2655.90),(6809,1467,'2023-01-25',2000.00,0.00,0.00,2000.00,0.10,200.00,0.00,0.00,1800.00),(6810,1468,'2023-01-25',2500.00,0.00,0.00,2500.00,0.10,250.00,7.50,10.35,2239.65),(6811,1469,'2023-01-25',2000.00,0.00,0.00,2000.00,0.10,200.00,0.00,0.00,1800.00),(6812,1470,'2023-01-25',2500.00,0.00,0.00,2500.00,0.10,250.00,7.50,10.35,2239.65),(6813,1471,'2023-01-25',4000.00,0.00,0.00,4000.00,0.10,400.00,15.00,169.60,3430.40),(6814,1472,'2023-01-25',2500.00,0.00,0.00,2500.00,0.10,250.00,7.50,10.35,2239.65),(6815,1473,'2023-01-25',2000.00,0.00,0.00,2000.00,0.10,200.00,0.00,0.00,1800.00),(6816,1474,'2023-01-25',3000.00,0.00,0.00,3000.00,0.10,300.00,7.50,44.10,2655.90),(6817,1475,'2023-01-25',2000.00,0.00,0.00,2000.00,0.10,200.00,0.00,0.00,1800.00),(6818,1476,'2023-01-25',2500.00,0.00,0.00,2500.00,0.10,250.00,7.50,10.35,2239.65),(6819,1477,'2023-01-25',2000.00,0.00,0.00,2000.00,0.10,200.00,0.00,0.00,1800.00),(6820,1478,'2023-01-25',2500.00,0.00,0.00,2500.00,0.10,250.00,7.50,10.35,2239.65),(6821,1479,'2023-01-25',4000.00,0.00,0.00,4000.00,0.10,400.00,15.00,169.60,3430.40),(6822,1480,'2023-01-25',2000.00,0.00,0.00,2000.00,0.10,200.00,0.00,0.00,1800.00),(6823,1481,'2023-01-25',2500.00,0.00,0.00,2500.00,0.10,250.00,7.50,10.35,2239.65),(6824,1482,'2023-01-25',2000.00,0.00,0.00,2000.00,0.10,200.00,0.00,0.00,1800.00),(6825,1483,'2023-01-25',2500.00,0.00,0.00,2500.00,0.10,250.00,7.50,10.35,2239.65),(6826,1484,'2023-01-25',4000.00,0.00,0.00,4000.00,0.10,400.00,15.00,169.60,3430.40),(6827,1485,'2023-01-25',2000.00,0.00,0.00,2000.00,0.10,200.00,0.00,0.00,1800.00),(6828,1486,'2023-01-25',2500.00,0.00,0.00,2500.00,0.10,250.00,7.50,10.35,2239.65),(6829,1487,'2023-01-25',2000.00,0.00,0.00,2000.00,0.10,200.00,0.00,0.00,1800.00),(6830,1488,'2023-01-25',2500.00,0.00,0.00,2500.00,0.10,250.00,7.50,10.35,2239.65),(6831,1489,'2023-01-25',4000.00,0.00,0.00,4000.00,0.10,400.00,15.00,169.60,3430.40),(6832,1490,'2023-01-25',2000.00,0.00,0.00,2000.00,0.10,200.00,0.00,0.00,1800.00),(6833,1491,'2023-01-25',2500.00,0.00,0.00,2500.00,0.10,250.00,7.50,10.35,2239.65),(6834,1492,'2023-01-25',2000.00,0.00,0.00,2000.00,0.10,200.00,0.00,0.00,1800.00),(6835,1493,'2023-01-25',2500.00,0.00,0.00,2500.00,0.10,250.00,7.50,10.35,2239.65),(6836,1494,'2023-01-25',4000.00,0.00,0.00,4000.00,0.10,400.00,15.00,169.60,3430.40),(6837,1495,'2023-01-25',2000.00,0.00,0.00,2000.00,0.10,200.00,0.00,0.00,1800.00),(6838,1496,'2023-01-25',2500.00,0.00,0.00,2500.00,0.10,250.00,7.50,10.35,2239.65),(6839,1497,'2023-01-25',2000.00,0.00,0.00,2000.00,0.10,200.00,0.00,0.00,1800.00),(6840,1498,'2023-01-25',2500.00,0.00,0.00,2500.00,0.10,250.00,7.50,10.35,2239.65),(6841,1499,'2023-01-25',4000.00,0.00,0.00,4000.00,0.10,400.00,15.00,169.60,3430.40),(6842,1500,'2023-01-25',2000.00,0.00,0.00,2000.00,0.10,200.00,0.00,0.00,1800.00),(6843,1501,'2023-01-25',2500.00,0.00,0.00,2500.00,0.10,250.00,7.50,10.35,2239.65),(6844,1502,'2023-01-25',2000.00,0.00,0.00,2000.00,0.10,200.00,0.00,0.00,1800.00),(6845,1503,'2023-01-25',2500.00,0.00,0.00,2500.00,0.10,250.00,7.50,10.35,2239.65),(6846,1504,'2023-01-25',4000.00,0.00,0.00,4000.00,0.10,400.00,15.00,169.60,3430.40),(6847,1505,'2023-01-25',2500.00,0.00,0.00,2500.00,0.10,250.00,7.50,10.35,2239.65),(6848,1506,'2023-01-25',2000.00,0.00,0.00,2000.00,0.10,200.00,0.00,0.00,1800.00),(6849,1507,'2023-01-25',3000.00,0.00,0.00,3000.00,0.10,300.00,7.50,44.10,2655.90),(6850,1508,'2023-01-25',2000.00,0.00,0.00,2000.00,0.10,200.00,0.00,0.00,1800.00),(6851,1509,'2023-01-25',3000.00,0.00,0.00,3000.00,0.10,300.00,7.50,44.10,2655.90),(6852,1510,'2023-01-25',2000.00,0.00,0.00,2000.00,0.10,200.00,0.00,0.00,1800.00),(6853,1511,'2023-01-25',2500.00,0.00,0.00,2500.00,0.10,250.00,7.50,10.35,2239.65),(6854,1512,'2023-01-25',2000.00,0.00,0.00,2000.00,0.10,200.00,0.00,0.00,1800.00),(6855,1513,'2023-01-25',2500.00,0.00,0.00,2500.00,0.10,250.00,7.50,10.35,2239.65),(6856,1514,'2023-01-25',4000.00,0.00,0.00,4000.00,0.10,400.00,15.00,169.60,3430.40),(6857,1515,'2023-01-25',2500.00,0.00,0.00,2500.00,0.10,250.00,7.50,10.35,2239.65),(6858,1516,'2023-01-25',2000.00,0.00,0.00,2000.00,0.10,200.00,0.00,0.00,1800.00),(6859,1517,'2023-01-25',3000.00,0.00,0.00,3000.00,0.10,300.00,7.50,44.10,2655.90),(6860,1518,'2023-01-25',2000.00,0.00,0.00,2000.00,0.10,200.00,0.00,0.00,1800.00),(6861,1519,'2023-01-25',2000.00,0.00,0.00,2000.00,0.10,200.00,0.00,0.00,1800.00),(6862,1520,'2023-01-25',2500.00,0.00,0.00,2500.00,0.10,250.00,7.50,10.35,2239.65),(6863,1521,'2023-01-25',2000.00,0.00,0.00,2000.00,0.10,200.00,0.00,0.00,1800.00),(6864,1522,'2023-01-25',2500.00,0.00,0.00,2500.00,0.10,250.00,7.50,10.35,2239.65),(6865,1523,'2023-01-25',4000.00,0.00,0.00,4000.00,0.10,400.00,15.00,169.60,3430.40),(6866,1524,'2023-01-25',2500.00,0.00,0.00,2500.00,0.10,250.00,7.50,10.35,2239.65),(6867,1525,'2023-01-25',2000.00,0.00,0.00,2000.00,0.10,200.00,0.00,0.00,1800.00),(6868,1526,'2023-01-25',3000.00,0.00,0.00,3000.00,0.10,300.00,7.50,44.10,2655.90),(6869,1527,'2023-01-25',7500.00,0.00,0.00,7500.00,0.10,750.00,27.50,971.29,5778.71),(6870,1528,'2023-01-25',7000.00,0.00,0.00,7000.00,0.10,700.00,27.50,847.54,5452.46),(6871,1529,'2023-01-25',3000.00,0.00,0.00,3000.00,0.10,300.00,7.50,44.10,2655.90),(6872,1530,'2023-01-25',3500.00,0.00,0.00,3500.00,0.10,350.00,15.00,102.10,3047.90),(6873,1531,'2023-01-25',2000.00,0.00,0.00,2000.00,0.10,200.00,0.00,0.00,1800.00),(6874,1532,'2023-01-25',25000.00,0.00,0.00,25000.00,0.10,2500.00,27.50,5302.54,17197.46),(6875,1533,'2023-01-25',4500.00,0.00,0.00,4500.00,0.10,450.00,22.50,259.52,3790.48),(6876,1534,'2023-01-25',3500.00,0.00,0.00,3500.00,0.10,350.00,15.00,102.10,3047.90),(6877,1535,'2023-01-25',5000.00,0.00,0.00,5000.00,0.10,500.00,22.50,360.77,4139.23),(6878,1536,'2023-01-25',5500.00,0.00,0.00,5500.00,0.10,550.00,27.50,476.29,4473.71),(6879,1537,'2023-01-25',2000.00,0.00,0.00,2000.00,0.10,200.00,0.00,0.00,1800.00),(6880,1539,'2023-01-25',2000.00,0.00,0.00,2000.00,0.10,200.00,0.00,0.00,1800.00),(6881,1540,'2023-01-25',2500.00,0.00,0.00,2500.00,0.10,250.00,7.50,10.35,2239.65),(6882,1541,'2023-01-25',2000.00,0.00,0.00,2000.00,0.10,200.00,0.00,0.00,1800.00);
/*!40000 ALTER TABLE `contracheque` ENABLE KEYS */;
UNLOCK TABLES;

--
-- Table structure for table `dependente`
--

DROP TABLE IF EXISTS `dependente`;
/*!40101 SET @saved_cs_client     = @@character_set_client */;
/*!50503 SET character_set_client = utf8mb4 */;
CREATE TABLE `dependente` (
  `id` int NOT NULL AUTO_INCREMENT,
  `nome` varchar(50) DEFAULT NULL,
  `cpf` varchar(15) DEFAULT NULL,
  `idMilitar` int DEFAULT NULL,
  `idRelacaoDependencia` int DEFAULT NULL,
  `idEndereco` int DEFAULT NULL,
  PRIMARY KEY (`id`),
  KEY `fk_militar` (`idMilitar`),
  KEY `fk_relacao` (`idRelacaoDependencia`),
  KEY `fk_endereco_dep` (`idEndereco`),
  CONSTRAINT `fk_endereco_dep` FOREIGN KEY (`idEndereco`) REFERENCES `endereco` (`id_endereco`),
  CONSTRAINT `fk_militar` FOREIGN KEY (`idMilitar`) REFERENCES `militar` (`id`),
  CONSTRAINT `fk_relacao` FOREIGN KEY (`idRelacaoDependencia`) REFERENCES `relacao_dependencia` (`Id`)
) ENGINE=InnoDB AUTO_INCREMENT=203 DEFAULT CHARSET=utf8mb4 COLLATE=utf8mb4_0900_ai_ci;
/*!40101 SET character_set_client = @saved_cs_client */;

--
-- Dumping data for table `dependente`
--

LOCK TABLES `dependente` WRITE;
/*!40000 ALTER TABLE `dependente` DISABLE KEYS */;
INSERT INTO `dependente` VALUES (63,'Isabella Mafra Conceição','836.228.210-00',1276,1,NULL),(64,'Felipe Quadros','578.100.530-78',1277,3,NULL),(65,'Enzo Constantino','967.076.300-24',1278,3,NULL),(66,'Tiago Ariotti','023.111.060-07',1279,3,NULL),(67,'Cícero Ariotti','666.300.030-63',1279,3,NULL),(68,'Priscila Abreu Santos','956.874.180-16',1280,1,NULL),(69,'Clarisse Péu','265.343.210-25',1281,1,NULL),(70,'Suzana Berling','736.327.020-12',1282,3,NULL),(71,'Tiago Bispo Ferreira','324.810.300-01',1283,1,NULL),(72,'Rodrigo Vidal','273.434.370-38',1283,3,NULL),(73,'Elizangela de Souza Delezu','818.533.560-50',1283,3,NULL),(74,'Ana Carolina Bernardo','072.577.320-00',1284,3,NULL),(75,'Yuri Rodrigues','468.387.350-83',1285,3,NULL),(76,'Elizabete Freitas Aragão Abreu Santos','736.934.260-31',1475,1,NULL),(77,'Clarisse Freitas Aragão','640.247.103-81',1476,3,NULL),(78,'Tatiana Porto','340.185.460-76',1480,3,NULL),(79,'Rafaela Damas','137.437.460-18',1455,1,NULL),(80,'João Felipe Saldanha','712.261.190-69',1457,3,NULL),(81,'Daniela Faver','528.580.750-69',1365,3,NULL),(82,'Maria Eduarda de Liz Aparício','111.168.660-21',1369,1,NULL),(83,'Luiz Guilherme de Liz Aparício','419.933.770-93',1355,3,NULL),(84,'Maria Helena de Liz Aparício','438.094.910-98',1398,3,NULL),(85,'Jussara Assunção','711.166.370-57',1347,1,NULL),(86,'Tatiele Caldeira','824.850.370-43',1335,3,NULL),(87,'Bruno Caldeira','659.195.020-61',1325,1,NULL),(88,'Mateus Caldeira','004.974.800-93',1296,1,NULL),(89,'Tiago Silveira Medeiros','824.828.390-92',1315,3,NULL),(90,'Felipe Assis','904.521.000-20',1307,3,NULL),(91,'Tereza Cristina Assis','541.393.790-30',1356,1,NULL),(92,'Tiago Assis','491.851.330-19',1425,3,NULL),(93,'Roberto Conceição','764.616.630-88',1435,3,NULL),(94,'Elis Abreu Galvão','087.335.510-57',1445,1,NULL),(95,'Clarisse Abreu Galvão','333.808.040-96',1455,3,NULL),(96,'Emmanuel Zimmermann','329.753.905-46',1476,3,NULL),(97,'Juliana Castro Rocha','815.090.330-50',1477,1,NULL),(98,'Luiz Castro Rocha','631.819.170-44',1287,3,NULL),(99,'Rebeca Castro Rocha','055.168.550-63',1288,3,NULL),(100,'Cristiana Cardoso','279.451.310-93',1289,3,NULL),(101,'Tabata Marques Vidal','930.245.600-50',1317,1,NULL),(102,'Francine Marques Vidal','383.560.140-77',1302,3,NULL),(103,'Francisco Marques Vidal','922.093.850-24',1343,3,NULL),(104,'Aluísio Pacheco','698.711.010-74',1373,3,NULL),(105,'Debora de Acácia Fiorio','857.787.730-21',1374,1,NULL),(106,'André Luiz Fiorio','435.755.810-70',1375,3,NULL),(107,'Caio Ferreira de Arruda','591.687.130-96',1423,3,NULL),(108,'Ricardo Correa Torres','426.135.000-93',1427,3,NULL),(109,'Gustavo Henrique Tavares','023.082.210-03',1427,3,NULL),(110,'Francielly Tavares','164.264.750-09',1427,1,NULL),(111,'Letícia Fonseca','645.125.680-34',1418,1,NULL),(112,'Cecília Alencar','894.392.070-94',1414,1,NULL),(113,'Nolan Rafael Lemos','659.381.840-29',1414,3,NULL),(114,'Leandro Demetrio Silveira','289.363.940-29',1295,3,NULL),(115,'David Delfino','151.236.880-64',1286,3,NULL),(116,'Isis Lamim Delfino','825.266.350-80',1285,1,NULL),(117,'Sofia Lamim Delfino','628.613.070-56',1285,3,NULL),(118,'Lorenzeo Costa Savi','102.841.790-00',1285,3,NULL),(119,'Julieta Costa Savi','249.071.510-04',1290,1,NULL),(120,'Luciano Gazola','862.205.850-62',1290,3,NULL),(121,'Felipe Pires Fogaça','819.166.080-60',1339,3,NULL),(122,'Valéria Vicente','145.234.110-93',1339,3,NULL),(123,'Hederson Novaes','227.953.850-40',1293,3,NULL),(124,'Jair Messias','456.456.456.45',1475,4,NULL),(189,'MACABEU FARIAS JUNIOR','009.090.909-90',1532,3,NULL),(190,'FELISBERTO SOUZA','845.769.847-56',1536,4,NULL),(191,'PÉRICLES ATAÍDE','567.945.876-64',1356,3,NULL),(192,'LUCAS ALCEBIADES','756.874.596-76',1533,3,NULL),(193,'ARESTIDES DA SILVA','925.384.759-38',1531,3,14),(194,'FELISBERTO ALVES JUNIOR','769.476.456-34',1541,3,16),(195,'LIEDSON TAVARES','395.867.398-79',1528,3,17),(196,'EVERLINO TEIXEIRA','465.346.693-58',1277,4,18),(197,'FLAVIO HENRIQUE','935.679.485-67',1279,4,19),(198,'FLAVIANE TROMPWSKY','364.827.459-38',1298,2,20);
/*!40000 ALTER TABLE `dependente` ENABLE KEYS */;
UNLOCK TABLES;

--
-- Table structure for table `endereco`
--

DROP TABLE IF EXISTS `endereco`;
/*!40101 SET @saved_cs_client     = @@character_set_client */;
/*!50503 SET character_set_client = utf8mb4 */;
CREATE TABLE `endereco` (
  `id_endereco` int NOT NULL AUTO_INCREMENT,
  `logradouro` varchar(50) DEFAULT NULL,
  `numero` varchar(6) DEFAULT NULL,
  `bairro` varchar(30) DEFAULT NULL,
  `cidade` varchar(300) DEFAULT NULL,
  `uf` varchar(2) DEFAULT NULL,
  `cep` varchar(10) DEFAULT NULL,
  `complemento` varchar(30) DEFAULT NULL,
  PRIMARY KEY (`id_endereco`)
) ENGINE=InnoDB AUTO_INCREMENT=21 DEFAULT CHARSET=utf8mb4 COLLATE=utf8mb4_0900_ai_ci;
/*!40101 SET character_set_client = @saved_cs_client */;

--
-- Dumping data for table `endereco`
--

LOCK TABLES `endereco` WRITE;
/*!40000 ALTER TABLE `endereco` DISABLE KEYS */;
INSERT INTO `endereco` VALUES (1,'Rua Afonso Pena','72','Canto','Florianópolis','SC','88070-650',NULL),(2,'Rua Afonso Pena','45','Canto','Florianópolis','SC','88070-650',NULL),(3,'Rua Afonso Pena','45','Canto','Florianópolis','SC','88070-650',NULL),(4,'Rua Afonso Pena','12','Canto','Florianópolis','SC','88070-650',NULL),(5,'Rua Felipe Schmidt','12','Centro','Florianópolis','SC','88010-001',NULL),(6,'Rua Felipe Schmidt','2','Centro','Florianópolis','SC','88010-001',NULL),(7,'Avenida Mauro Ramos','34','Centro','Florianópolis','SC','88020-300',NULL),(8,'RUA BENTO SÉRGIO ALEXANDRE','78','ITACORUBI','FLORIANÓPOLIS','SC','88030-003',NULL),(9,'RUA FELIPE SCHMIDT','90','CENTRO','FLORIANÓPOLIS','SC','88010-001',NULL),(10,'RUA FELIPE SCHMIDT','14','CENTRO','FLORIANÓPOLIS','SC','88010-001',NULL),(11,'JARDIM NOSSA SENHORA DE FÁTIMA','56','ESTREITO','FLORIANÓPOLIS','SC','88070-600',NULL),(12,'RUA AFONSO PENA','90','CANTO','FLORIANÓPOLIS','SC','88070-650',NULL),(13,'JARDIM NOSSA SENHORA DE FÁTIMA','12','ESTREITO','FLORIANÓPOLIS','SC','88070-600',NULL),(14,'RUA FELIPE SCHMIDT','90','CENTRO','FLORIANÓPOLIS','SC','88010-001',NULL),(15,'RUA GENERAL EURICO GASPAR DUTRA','45','ESTREITO','FLORIANÓPOLIS','SC','88070-000',NULL),(16,'RUA GENERAL EURICO GASPAR DUTRA','45','ESTREITO','FLORIANÓPOLIS','SC','88070-000',NULL),(17,'RUA GENERAL EURICO GASPAR DUTRA','45','ESTREITO','FLORIANÓPOLIS','SC','88070-000',NULL),(18,'RUA GENERAL EURICO GASPAR DUTRA','45','ESTREITO','FLORIANÓPOLIS','SC','88070-000',NULL),(19,'RUA GENERAL EURICO GASPAR DUTRA','45','ESTREITO','FLORIANÓPOLIS','SC','88070-000',NULL),(20,'RUA GENERAL EURICO GASPAR DUTRA','45','ESTREITO','FLORIANÓPOLIS','SC','88070-000',NULL);
/*!40000 ALTER TABLE `endereco` ENABLE KEYS */;
UNLOCK TABLES;

--
-- Table structure for table `lotacao`
--

DROP TABLE IF EXISTS `lotacao`;
/*!40101 SET @saved_cs_client     = @@character_set_client */;
/*!50503 SET character_set_client = utf8mb4 */;
CREATE TABLE `lotacao` (
  `id` int NOT NULL AUTO_INCREMENT,
  `pelotao` varchar(3) DEFAULT NULL,
  `companhia` varchar(3) DEFAULT NULL,
  `batalhao` varchar(3) DEFAULT NULL,
  `nome` varchar(100) DEFAULT NULL,
  PRIMARY KEY (`id`)
) ENGINE=InnoDB AUTO_INCREMENT=32 DEFAULT CHARSET=utf8mb4 COLLATE=utf8mb4_0900_ai_ci;
/*!40101 SET character_set_client = @saved_cs_client */;

--
-- Dumping data for table `lotacao`
--

LOCK TABLES `lotacao` WRITE;
/*!40000 ALTER TABLE `lotacao` DISABLE KEYS */;
INSERT INTO `lotacao` VALUES (1,'1','1','1','1ºPELOTÃO/1ªCOMPANHIA/1ºBATALHÃO'),(2,'2','1','1','2ºPELOTÃO/1ªCOMPANHIA/1ºBATALHÃO'),(3,'3','1','1','3ºPELOTÃO/1ªCOMPANHIA/1ºBATALHÃO'),(4,'1','2','1','1ºPELOTÃO/2ªCOMPANHIA/1ºBATALHÃO'),(5,'2','2','1','2ºPELOTÃO/2ªCOMPANHIA/1ºBATALHÃO'),(6,'3','2','1','3ºPELOTÃO/2ªCOMPANHIA/1ºBATALHÃO'),(7,'1','3','1','1ºPELOTÃO/3ªCOMPANHIA/1ºBATALHÃO'),(8,'2','3','1','2ºPELOTÃO/3ªCOMPANHIA/1ºBATALHÃO'),(9,'3','3','1','3ºPELOTÃO/3ªCOMPANHIA/1ºBATALHÃO'),(10,'1','1','2','1ºPELOTÃO/1ªCOMPANHIA/2ºBATALHÃO'),(11,'2','1','2','2ºPELOTÃO/1ªCOMPANHIA/2ºBATALHÃO'),(12,'3','1','2','3ºPELOTÃO/1ªCOMPANHIA/2ºBATALHÃO'),(13,'1','2','2','1ºPELOTÃO/2ªCOMPANHIA/2ºBATALHÃO'),(14,'2','2','2','2ºPELOTÃO/2ªCOMPANHIA/2ºBATALHÃO'),(15,'3','2','2','3ºPELOTÃO/2ªCOMPANHIA/2ºBATALHÃO'),(16,'1','3','2','1ºPELOTÃO/3ªCOMPANHIA/2ºBATALHÃO'),(17,'2','3','2','2ºPELOTÃO/3ªCOMPANHIA/2ºBATALHÃO'),(18,'3','3','2','3ºPELOTÃO/3ªCOMPANHIA/2ºBATALHÃO'),(19,NULL,'1','1','1ªCOMPANHIA/1ºBATALHÃO'),(20,NULL,'2','1','2ªCOMPANHIA/1ºBATALHÃO'),(21,NULL,'3','1','3ªCOMPANHIA/1ºBATALHÃO'),(22,NULL,'1','2','1ªCOMPANHIA/2ºBATALHÃO'),(23,NULL,'2','2','2ªCOMPANHIA/2ºBATALHÃO'),(24,NULL,'3','2','3ªCOMPANHIA/2ºBATALHÃO'),(25,NULL,NULL,'1','1ºBATALHÃO'),(26,NULL,NULL,'2','2ºBATALHÃO'),(27,'1','1','4','1° PELOTÃO/1ª COMPANHIA/4° BATALHÃO'),(28,'1','2','4','1° PELOTÃO/2ª COMPANHIA/4° BATALHÃO'),(29,'','','1','1° BATALHÃO'),(30,'4','4','4','4° PELOTÃO/4ª COMPANHIA/4° BATALHÃO'),(31,'5','5','5','5° PELOTÃO/5ª COMPANHIA/5° BATALHÃO');
/*!40000 ALTER TABLE `lotacao` ENABLE KEYS */;
UNLOCK TABLES;

--
-- Table structure for table `militar`
--

DROP TABLE IF EXISTS `militar`;
/*!40101 SET @saved_cs_client     = @@character_set_client */;
/*!50503 SET character_set_client = utf8mb4 */;
CREATE TABLE `militar` (
  `id` int NOT NULL AUTO_INCREMENT,
  `nome` varchar(50) DEFAULT NULL,
  `cpf` varchar(15) DEFAULT NULL,
  `matricula` varchar(9) DEFAULT NULL,
  `id_posto_graduacao` int DEFAULT NULL,
  `id_lotacao` int DEFAULT NULL,
  `id_endereco` int DEFAULT NULL,
  PRIMARY KEY (`id`),
  KEY `fk_lotacao` (`id_lotacao`),
  KEY `fk_endereco_idx` (`id_endereco`),
  KEY `fk_posto_graduacao` (`id_posto_graduacao`),
  CONSTRAINT `fk_endereco` FOREIGN KEY (`id_endereco`) REFERENCES `endereco` (`id_endereco`),
  CONSTRAINT `fk_lotacao` FOREIGN KEY (`id_lotacao`) REFERENCES `lotacao` (`id`),
  CONSTRAINT `fk_posto_graduacao` FOREIGN KEY (`id_posto_graduacao`) REFERENCES `posto_graduacao` (`id`)
) ENGINE=InnoDB AUTO_INCREMENT=1542 DEFAULT CHARSET=utf8mb4 COLLATE=utf8mb4_0900_ai_ci;
/*!40101 SET character_set_client = @saved_cs_client */;

--
-- Dumping data for table `militar`
--

LOCK TABLES `militar` WRITE;
/*!40000 ALTER TABLE `militar` DISABLE KEYS */;
INSERT INTO `militar` VALUES (1276,'Charles Alexandre Vieira','83551535027','929.564-2',28,25,NULL),(1277,'Luis Eduardo da Rocha','31829803000','921.269-5',28,26,NULL),(1278,'Marcelo Fiorio','48110731007','612.693-8',27,25,NULL),(1279,'Andre Pachedo','96904742003','912.547-9',27,25,NULL),(1280,'William VIdal','38302158003','948.765-1',27,26,NULL),(1281,'Cristiano Cardoso','57958649002','644.552-2',27,26,NULL),(1282,'Alessandro Machado Reis','29329062083','675.441-9',26,24,NULL),(1283,'Jose Ricardo Torres','8255943080','992.154-6',26,23,NULL),(1284,'Isabella Ferreira','76705351055','914.169-7',26,22,NULL),(1285,'Lucas Michels','99794158003','914.169-9',26,13,NULL),(1286,'Vinicius Oliveira Henkmeier','22906460087','914.885-7',26,20,NULL),(1287,'Priscilla Deucher Galvão','95747718061','912.126-1',26,19,NULL),(1288,'Rodolfo Alencar','37007716067','654.987-7',25,24,NULL),(1289,'Sandro Fonseca','64214797078','941.582-9',25,23,NULL),(1290,'Leandro Delfino','28756908091','957.426-5',25,22,NULL),(1291,'Renan Demetrio Silveira','53811958003','955.887-4',25,13,NULL),(1292,'Letícia Carminatti de Souza','35971001043','921.639-2',25,20,NULL),(1293,'Luiz Carlos Lemos','64328975056','929.356-4',25,19,NULL),(1294,'Adriano Xavier','11949432092','914.597-8',24,18,NULL),(1295,'Heloisa Mara da Silva','1624071066','951.423-8',23,18,NULL),(1296,'Jose Paulo Buttencourt','59539490065','941.745-3',20,17,NULL),(1297,'Luis Carlos Bohn','20406173028','754.123-6',20,17,NULL),(1298,'Rafael dos Anjos Amaro','43904177036','947.896-5',23,16,NULL),(1299,'Vilson Arnoldo Rodrigues','97743084094','944.596-5',24,16,NULL),(1300,'Wagner Marcus Figueiredo','52598775007','523.417-2',24,15,NULL),(1301,'Diogo Medeiros Leite','17401648067','910.532-0',23,15,NULL),(1302,'Cristiano Menegaz','58065373070','523.654-8',20,14,NULL),(1303,'Guilherme Dal Bo','1285796098','904.560-8',20,14,NULL),(1304,'Leonardo Pacheco Beck','74931019064','985.410-8',23,13,NULL),(1305,'Luciane Purckel','74687750010','952.310-4',24,13,NULL),(1306,'Rafael Lino de Oliveira','23340110026','110.230-9',23,12,NULL),(1307,'Luiz Fernando Supp','9935478009','951.420-2',20,12,NULL),(1308,'Marcio Murillo Porto','56328637004','940.502-1',23,11,NULL),(1309,'Angelica Germanovix','51500159034','980.714-3',24,11,NULL),(1310,'Lucas Eduardo Amaral','59188199088','929.254-1',24,9,NULL),(1311,'Rafael Bonatto','47975922064','441.752-0',23,9,NULL),(1312,'Melina Marques','55534478012','920.310-5',20,9,NULL),(1313,'Felipe Rubini Porto','34740850001','341.751-9',24,9,NULL),(1314,'Alice Fernandes','67563289054','602.031-8',23,26,NULL),(1315,'Felipe Lucena de Araujo','71236603079','410.754-8',20,26,NULL),(1316,'Graziela Sche','60996584080','852.741-3',24,25,NULL),(1317,'Mateus Shaffer','71507269099','998.841-2',24,25,NULL),(1318,'Gabriel Barreto de Mello','98530679008','410.520-8',20,24,NULL),(1319,'João Vicente Pereira Cavallazzi','55341295064','547.412-5',20,24,NULL),(1320,'Aldrin da Silva','85615624043','801.522-4',23,23,NULL),(1321,'Maicon Dorigon','46631169062','941.290-5',24,23,NULL),(1322,'Aline Marianne Rufatto','24281428011','962.541-0',20,22,NULL),(1323,'Diego Getulio Inacio','81001782089','723.921-5',23,22,NULL),(1324,'Emerson Luiz Costa','11509101004','051.691-5',24,21,NULL),(1325,'Bianca Bianca Moraes','44110841046','502.003-8',20,21,NULL),(1326,'Estevão Teixeira Anacleto','48401653002','445.661-8',23,20,NULL),(1327,'Heliton Borges','93908734010','510.236-9',23,20,NULL),(1328,'Adailson Severo Fiamoncini','93311101030','925.758-4',24,19,NULL),(1329,'Evamar Marques Costa','71966529082','485.769-3',24,19,NULL),(1330,'Benicio Barbi Remzetti Marques','13650027054','582.569-1',20,18,NULL),(1331,'Tiago Perrut','71060168022','758.459-8',20,18,NULL),(1332,'Juan da Silva Raphael','26938305080','410.852-6',24,17,NULL),(1333,'Bruno Edio Nunes','1814361081','753.159-0',23,17,NULL),(1334,'Anderson Golçalves Matheus','50032970099','110.226-5',20,16,NULL),(1335,'Mauricio Ervino Carvalho','48480676000','489.756-2',24,16,NULL),(1336,'Wellington Samael Gesser','12349001067','258.369-1',23,15,NULL),(1337,'Douglas Masetto','85635521045','142.536-1',20,15,NULL),(1338,'Gilson Luciano Junior','13749684049','743.957-0',24,14,NULL),(1339,'Marcos Paulo Sens','97639662052','103.620-5',20,14,NULL),(1340,'Renato Porto Schmidt','214.361.150-19','175.423-0',23,13,NULL),(1341,'Jair Apolinário','539.732.950-93','200.150-0',24,13,NULL),(1342,'Elizabeth Silvy','583.805.310-00','140.714-2',20,12,NULL),(1343,'Odair Aparecido Nazaré','398.219.100=92','113.664-5',23,12,NULL),(1344,'Kleber Correa Felchilcher','497.067.380-29','879.546-2',24,11,NULL),(1345,'Andre Prazeres','551.911.820-57','120.320-1',24,11,NULL),(1346,'Luis Fernando Sabará','991.099.080-64','231.021-8',20,10,NULL),(1347,'Lucas Palê','658.546.160-68','115.365-2',20,10,NULL),(1348,'Giancarlo Fagundes','274.025.210-28','225.489-7',23,9,NULL),(1349,'Bruno Jackubiak','758.389.720-33','120.598-1',24,9,NULL),(1350,'Linus Azevedo','878.372.510-59','753.215-9',20,8,NULL),(1351,'Andrey Aluisio Gollo','968.580.150-94','996.512-8',23,8,NULL),(1352,'Julia Fabiana da Silva','142.383.370-85','296.531-2',20,7,NULL),(1353,'Diego Almeida','896.897.630-91','985.216-3',24,7,NULL),(1354,'Oswaldo Peixer Neto','722.191.900-30','961.961-9',23,6,NULL),(1355,'Wagner Patricio Silveira Cardoso','442.718.120-13','863.520-9',20,6,NULL),(1356,'Cristóvão Ataíde Silveira','459.141.630-56','800.259-0',23,5,NULL),(1357,'Lucas Gazola','966.406.250-24','210.339-9',24,5,NULL),(1358,'Jonas Ciniro Furtado','147.495.170-89','744.114-5',23,4,NULL),(1359,'Messias Antunes de Liz','085.222.060-07','663.595-2',20,4,NULL),(1360,'Rodrigo Jair Lapa','128.696.380-00','929.252-6',20,3,NULL),(1361,'Laerte Saraiva','622.884.610-80','921541-7',23,3,NULL),(1362,'Rui Costa Savi','821.765.480-86','984.123-0',24,2,NULL),(1363,'Alvaro Maus','121.188.100-83','741.236-0',24,2,NULL),(1364,'Roberto Carneiro Junior','011.455.970-84','711.466-2',23,1,NULL),(1365,'Gustavo Medeiros','058.632.610-30','203.159-4',20,1,NULL),(1366,'Alexandre Amaro','984.977.050-33','900.111-2',15,1,NULL),(1367,'Alexnaldo dos Anjos','273.990.990-06','935.126-8',16,1,NULL),(1368,'Geraldo Bispo','732.037.070-04','951.410-0',15,1,NULL),(1369,'Renata Zimmermann','959.750.590-89','998.855-2',16,1,NULL),(1370,'Alex Vidal','193.552.030-04','710.695-0',15,1,NULL),(1371,'Leonardo Nascimento Fragoso','942.501.110-91','823.547-5',16,1,NULL),(1372,'Filipe Marques','533.894.280-11','102.698-5',15,1,NULL),(1373,'Paulo Henrique Amorim','077.575.970-80','913.746-9',16,1,NULL),(1374,'Isadora Quadros','253.909.390-69','742.963-2',15,1,NULL),(1375,'Gilmar Jesus','969.571.850-79','884.177-6',15,1,NULL),(1376,'Oliver Santos','564.719.160-60','815.379-4',17,1,NULL),(1377,'Charles Fagundes','662.883.890-05','012.369-4',18,1,NULL),(1378,'Mariana Souza Dutra','800.673.580-80','771.100-6',19,1,NULL),(1379,'Rodrigo Constantino','397.560.410-72','052.691-2',15,2,NULL),(1380,'Emilio Surita','642.803.640-10','781.423-8',16,2,NULL),(1381,'Abel Damas','219.180.200-19','910.269-0',16,2,NULL),(1382,'Luana Beccari','717.085.860-67','741.357-2',16,2,NULL),(1383,'Sergio da Silva Junior','486.032.380-73','932.562-0',15,2,NULL),(1384,'Lucas Gorges Correa','721.462.800-77','108.710-5',16,2,NULL),(1385,'Ivan Faver','054.717.920-09','301.103-0',15,2,NULL),(1386,'Fernando Mickolaiksky','908.280.650-98','486.842-3',16,2,NULL),(1387,'Diego Ariotti','519.326.610-00','268.423-2',15,2,NULL),(1388,'Adailton Xavier','091.576.210-20','139.745-6',16,2,NULL),(1389,'Debora Gonçalves Ferreira','305.870.830-00','316.489-4',16,2,NULL),(1390,'Elias Karal','523.405.220-64','914.753-4',19,2,NULL),(1391,'Laerte Schnell','916.732.610-27','551.559-5',15,3,NULL),(1392,'Elias Ademar Gonzaga','104.950.660-01','418.529-6',16,3,NULL),(1393,'Paulo Santos','550.931.380-37','582.471-0',16,3,NULL),(1394,'Rodrigo Azevedo Leitão','415.121.160-84','395.412-2',15,3,NULL),(1395,'Tais Lisboa','274.371.740-81','820.630-0',15,3,NULL),(1396,'Cesar Augusto Simeão','610.296.640-64','794.136-5',16,3,NULL),(1397,'Cesar Péu','372.903.870-23','814.596-0',15,3,NULL),(1398,'Igor Tavares','683.604.520-91','220.336-5',16,3,NULL),(1399,'Luana Berling','212.306.600-11','401.203-2',15,3,NULL),(1400,'João Gomes','932.058.260-27','885.996-6',16,3,NULL),(1401,'Helon Borba','296.097.190-66','152.526-6',15,3,NULL),(1402,'Everton Neves','442.277.620-73','417.528-4',18,3,NULL),(1403,'Lazaro Silva','704.793.480-49','320.658-8',15,3,NULL),(1404,'Alexia Linhares Albernaz','527.147.110-14','556.445-5',15,4,NULL),(1405,'Lena Valido','614.413.930-30','915.456-6',16,4,NULL),(1406,'Raul Ferraz','069.652.720-07','825.936-0',15,4,NULL),(1407,'Davy Durães','986.095.480-15','714.825-2',16,4,NULL),(1408,'Ariane Saldanha','722.128.070-31','026.159-0',15,4,NULL),(1409,'Benjamin Fernandes','594.155.280-79','753.420-5',16,4,NULL),(1410,'Pedro Delezu','797.516.480-17','267.349-0',15,4,NULL),(1411,'Jason Maciel','409.188.630-23','153.759-5',16,4,NULL),(1412,'Guilherme Assunção','332.253.390-59','486.201-2',15,4,NULL),(1413,'Guilherme de Souza Carminatti','282.814.460-72','860.236-6',16,4,NULL),(1414,'Murilo Acendino de Freitas','639.353.400-10','841.023-6',17,4,NULL),(1415,'Nicolas Dutra','003.549.150-70','863.752-4',18,4,NULL),(1416,'Wagner Bernardi','774.215.810-81','148.256-0',19,4,NULL),(1417,'Diogo Antonio Luiz Fernandes','333.797.611-50','480.344-5',15,5,NULL),(1418,'Matheus Gustavo Dias','769.958.324-21','389.480-6',16,5,NULL),(1419,'Benjamin Bernardo','881.123.321-69','263.280-0',15,5,NULL),(1420,'Sergio Pedro da Paz','920.368.041-10','233.330-2',16,5,NULL),(1421,'Melissa Regina Silveira','227.713.335-38','188.812-0',16,5,NULL),(1422,'Thiago Victor Almada','114.354.297-53','322.630-5',15,5,NULL),(1423,'Pietra Giovanna','052.023.348-42','262.249-0',15,5,NULL),(1424,'Henrique Martin','728.112.949-10','177.486-5',16,5,NULL),(1425,'Francisco Sebastião','262.720.407-68','439.509-5',15,5,NULL),(1426,'Arthur Porto','868.272.872-97','410.688-6',16,5,NULL),(1427,'Olivia Catarina','251.470.750-11','562.102-6',15,5,NULL),(1428,'Manuel Anthony Duarte','564.308.950-50','400.210-4',18,5,NULL),(1429,'Marcelo Monteiro','330.400.233-220','182.751-9',19,5,NULL),(1430,'Elias Osvaldo Cunha','314.668.928-62','259.043-5',15,6,NULL),(1431,'Raimundo da Costa','782.884.031-40','380.859-6',16,6,NULL),(1432,'Roberto Thales Viana','596.985.752-19','316.228-0',15,6,NULL),(1433,'Sérgio Levi Aparício','013.095.833-66','360.070-2',15,6,NULL),(1434,'Luis Murilo Duarte','978.525.561-16','105.773-0',15,6,NULL),(1435,'Louise Benedita','245.093.795-10','461.643-5',15,6,NULL),(1436,'Manoel Arthur Assis','124.215.856-19','473.322-0',15,6,NULL),(1437,'Cesar Ricardo Alves','209.764.278-00','291.109-5',16,6,NULL),(1438,'Carlos Eduardo Sebastião Martins','283.420.084-01','190.402-8',15,6,NULL),(1439,'Lorenzo Henrique de Souza','316.164.433-67','428.494-6',16,6,NULL),(1440,'Renan Martin da Rocha','483.088.757-50','372.958-6',17,6,NULL),(1441,'Sabrina Laís','925.214.600-87','855.441-4',18,6,NULL),(1442,'Gabriel Ricardo Moreira','655.752.848-32','109.513-9',19,6,NULL),(1443,'Caleb Rezende','313.796.234-05','257.452-5',15,7,NULL),(1444,'Heitor Campos','766.901.943-37','307.685-6',16,7,NULL),(1445,'Gabriel Rodrigues','421.758.544-69','461.946-4',15,7,NULL),(1446,'Davi Otávio Barbosa','754.776.382-06','199.374-4',16,7,NULL),(1447,'Benício Guilherme Rocha','440.373.050-70','371.066-9',19,7,NULL),(1448,'Julio Daniel Nogueira','066.046.400-43','124.933-3',16,7,NULL),(1449,'Liz Gabrielly','853.596.845-85','218.272-2',15,7,NULL),(1450,'Renato Caldeira','542.332.816-00','461.070-9',17,7,NULL),(1451,'Carlos Igor Rodrigues','609.745.307-86','111.859-7',15,8,NULL),(1452,'Matheus Augusto Barbosa','688.044.284-65','394.259-2',16,8,NULL),(1453,'Sebastião Pereira','168.048.862-75','479.936-8',15,8,NULL),(1454,'Giovanni Augusto de Paula','547.689.351-25','159.247-7',16,8,NULL),(1455,'José Cauã da Paz','838.193.251-31','390.605-2',19,8,NULL),(1456,'Carlos Eduardo Assis','259.280.020-41','113.561-5',16,8,NULL),(1457,'Bernardo Campos','936.765.512-65','163.723-8',15,8,NULL),(1458,'Anderson Teixeira','421.855.955-47','480.062-2',17,8,NULL),(1459,'Raul Osvaldo Pedro Assis','581.883.681-99','443.153-6',15,9,NULL),(1460,'Matheus Edson Barros','456.958.224-54','314.784-8',16,9,NULL),(1461,'Miguel Leandro Porto','093.241.083-95','284.668-9',15,9,NULL),(1462,'Igor Sales','368.304.281-81','262.084-1',16,9,NULL),(1463,'Alexandre Corte Real','867.664.393-86','504.450-0',19,9,NULL),(1464,'Elaine Ayla','670.974.450-76','669.978-6',16,9,NULL),(1465,'Erick Aragão','247.178.775-43','281.797-6',15,9,NULL),(1466,'Cauã Costa','004.286.453-30','104.253-7',17,9,NULL),(1467,'Renan Tiago Porto','761.081.711-20','408.333-0',15,10,NULL),(1468,'Lucca Caldeira','640.474.379-56','125.618-6',16,10,NULL),(1469,'Kevin Roberto Moura','409.423.683-04','133.714-7',15,10,NULL),(1470,'Samuel Lima','334.739.176-48','140.447-8',16,10,NULL),(1471,'Fernando Raimundo Fernandes','376.047.128-51','329.824-4',19,10,NULL),(1472,'Francisco Ramos','865.444.784-23','267.383-0',16,10,NULL),(1473,'José Guilherme Aparício','886.413.485-90','520.410-4',15,10,NULL),(1474,'Lívia Dornelles','362.763.816-67','123.414-7',17,10,NULL),(1475,'Roberto Carlos Cavalcanti','448.745.423-95','461.798-2',15,11,NULL),(1476,'Thales Igor Duarte','892.125.194-40','189.921-4',16,11,NULL),(1477,'Caio Conceição','281.005.458-47','436.071-3',15,11,NULL),(1478,'Juan Fogaça','257.070.810-03','227.730-7',16,11,NULL),(1479,'Julio Brito','948.686.405-50','209.510-5',19,11,NULL),(1480,'Hugo Elias Vieiras','525.389.480-29','185.987-8',15,12,NULL),(1481,'Heitor Baptista','056.014.635-30','457.811-4',16,12,NULL),(1482,'Rafael Lopes','100.047.586-76','407.917-0',15,12,NULL),(1483,'Lucas Silva','713.380.867-66','209.862-7',16,12,NULL),(1484,'Anthony Carvalho','345.426.416-27','413.299-5',19,12,NULL),(1485,'Luis Edson Lopes','028.257.095-06','167.556-5',15,13,NULL),(1486,'Mateus Carlos Vicente','111.028.515-90','213.998-6',16,13,NULL),(1487,'Ian Mendes','123.503.508-51','498.720-7',15,13,NULL),(1488,'Roberto Ramos','206.692.459-84','431.306-7',16,13,NULL),(1489,'Aparecida Pietra','431.329.225-01','251.674-5',19,13,NULL),(1490,'Bruno Rezende','814.679.737-77','169.695-6',15,14,NULL),(1491,'Pedro Vieira','178.819.339-33','462.965-6',16,14,NULL),(1492,'Hadassa Isabelle Marina','015.296.268-97','311.695-0',15,14,NULL),(1493,'Ricardo Bernardes','945.894.403-18','507.152-8',16,14,NULL),(1494,'Kaique da Paz','701.715.209-39','379.649-3',19,14,NULL),(1495,'Tiago Assunção','398.469.238-21','431.146-9',15,15,NULL),(1496,'Carlos Eduardo Novaes','944.806.791-70','319.202-3',16,15,NULL),(1497,'Henry Caldeira','149.713.454-42','140.092-5',15,15,NULL),(1498,'Ryan Farias','563.573.306-98','467.420-1',16,15,NULL),(1499,'Thiago Moraes','613.011.848-10','144.946-6',19,15,NULL),(1500,'Vinícus Paulo Araújo','820.089.166-69','488.860-3',15,16,NULL),(1501,'Juan Denedito de Souza','336.663.445-6','336.680-9',16,16,NULL),(1502,'Renato Rezende','993.368.741-79','482.450-2',15,16,NULL),(1503,'Julia Peixer','588.076.790-60','132.258-5',16,16,NULL),(1504,'Francisco Almeida','657.261.532-43','388.233-6',19,16,NULL),(1505,'Yuri Oliveira','849.116.545-20','178.107-1',16,16,NULL),(1506,'Enzo Henrique Fernandes','065.002.104-50','319.855-6',15,16,NULL),(1507,'Rodrigo Enrico Brito','111.619.221-72','366.892-2',17,16,NULL),(1508,'Emily Brito','105.632.249-75','407.209-8',15,16,NULL),(1509,'Igor Thales de Paula','685.246.152-14','125.361-5',17,16,NULL),(1510,'Osvaldo Galvão','521.586.035-18','371.575-5',15,17,NULL),(1511,'Anderson Barbosa','652.647.356-38','108.160-7',16,17,NULL),(1512,'Enzo Diego dos Santos','671.551.179-94','484.335-6',15,17,NULL),(1513,'Felipe Aragão','185.124.233-31','148.021-2',16,17,NULL),(1514,'Mário Edson Gonçalves','490.910.963-30','264.067-5',19,17,NULL),(1515,'Erick Breno Severino','611.940.209-84','447.257-2',16,17,NULL),(1516,'Esther Nair Lara','938.523.721-78','102.776-4',15,17,NULL),(1517,'Otávio Peixeto','432.806.603-00','200.649-3',17,17,NULL),(1518,'Cauê Baptista','920.059.759-90','441.448-3',15,17,NULL),(1519,'Emanuel Luís','621.303.105-75','171.392-5',15,18,NULL),(1520,'Bryan Lorenzo Santos','107.729.636-30','161.452-6',16,18,NULL),(1521,'Tereza Souza','582.604.680-50','262.724-4',15,18,NULL),(1522,'Thomas Duarte','523.782.546-01','279.135-3',16,18,NULL),(1523,'Ricardo Hugo','008.425.303-71','254.261-3',19,18,NULL),(1524,'Leandro Cesar Severino','618.386.463-37','294.599-3',16,18,NULL),(1525,'Denilso José de Oliveira','074.227.329-62','138.088-0',15,18,NULL),(1526,'Jorge Fernando Almeida','842.679.789-05','227.925-9',17,18,NULL),(1527,'Hermes Heizen','026.360.110-21','582.411-6',26,21,NULL),(1528,'Dagoberto Tavares','186.465.320-54','630.250-1',25,21,NULL),(1529,'savana','009.009.009-09','090.909-0',17,3,NULL),(1530,'Elias Cordeiro','010.010.010-10','010.101-0',18,9,NULL),(1531,'GEGE DA SILVA','432.145.098-00','334.443-7',15,1,NULL),(1532,'MACABEU FARIAS','454.545.454-54','454.545-4',32,27,NULL),(1533,'ATAIDE ALCEBIADES','767.676.767-67','776.767-6',20,5,NULL),(1534,'JAMAICA SANTOS SARAIVA','067.805.697-80','456.984-0',18,6,NULL),(1535,'SAVAIVA FERNANDES','576.948.576-98','347.673-9',21,8,NULL),(1536,'JAMAICA SOUZA JUNIOR','345.346.456-35','345.365-4',22,25,NULL),(1537,'ALAOR ANANA','567.567.765-21','345.654-3',15,1,NULL),(1539,'FELISBERTO DE BEM','753.757.284-90','730.274-9',15,1,12),(1540,'FELISBERTO FELISBINO','983.537.469-87','983.469-8',16,30,13),(1541,'FELISBERTO ALVES','014.902.350-74','980.385-6',15,1,15);
/*!40000 ALTER TABLE `militar` ENABLE KEYS */;
UNLOCK TABLES;

--
-- Table structure for table `movimentacao`
--

DROP TABLE IF EXISTS `movimentacao`;
/*!40101 SET @saved_cs_client     = @@character_set_client */;
/*!50503 SET character_set_client = utf8mb4 */;
CREATE TABLE `movimentacao` (
  `id` int NOT NULL AUTO_INCREMENT,
  `idMilitar` int DEFAULT NULL,
  `idOrigem` int DEFAULT NULL,
  `idDestino` int DEFAULT NULL,
  `dataMov` date DEFAULT NULL,
  `porcentagem` float DEFAULT NULL,
  `valor` float DEFAULT NULL,
  `pago` varchar(3) DEFAULT NULL,
  PRIMARY KEY (`id`),
  KEY `fk_militarMov` (`idMilitar`),
  KEY `fk_origem` (`idOrigem`),
  KEY `fk_destino` (`idDestino`),
  CONSTRAINT `fk_destino` FOREIGN KEY (`idDestino`) REFERENCES `lotacao` (`id`),
  CONSTRAINT `fk_militarMov` FOREIGN KEY (`idMilitar`) REFERENCES `militar` (`id`),
  CONSTRAINT `fk_origem` FOREIGN KEY (`idOrigem`) REFERENCES `lotacao` (`id`)
) ENGINE=InnoDB AUTO_INCREMENT=26 DEFAULT CHARSET=utf8mb4 COLLATE=utf8mb4_0900_ai_ci;
/*!40101 SET character_set_client = @saved_cs_client */;

--
-- Dumping data for table `movimentacao`
--

LOCK TABLES `movimentacao` WRITE;
/*!40000 ALTER TABLE `movimentacao` DISABLE KEYS */;
INSERT INTO `movimentacao` VALUES (18,1292,20,14,'2023-01-01',50,3500,'SIM'),(19,1276,25,8,'2023-02-01',75,6375,'SIM');
/*!40000 ALTER TABLE `movimentacao` ENABLE KEYS */;
UNLOCK TABLES;

--
-- Table structure for table `posto_graduacao`
--

DROP TABLE IF EXISTS `posto_graduacao`;
/*!40101 SET @saved_cs_client     = @@character_set_client */;
/*!50503 SET character_set_client = utf8mb4 */;
CREATE TABLE `posto_graduacao` (
  `id` int NOT NULL AUTO_INCREMENT,
  `posto_graduacao` varchar(45) DEFAULT NULL,
  `salario` float DEFAULT NULL,
  PRIMARY KEY (`id`)
) ENGINE=InnoDB AUTO_INCREMENT=36 DEFAULT CHARSET=utf8mb4 COLLATE=utf8mb4_0900_ai_ci;
/*!40101 SET character_set_client = @saved_cs_client */;

--
-- Dumping data for table `posto_graduacao`
--

LOCK TABLES `posto_graduacao` WRITE;
/*!40000 ALTER TABLE `posto_graduacao` DISABLE KEYS */;
INSERT INTO `posto_graduacao` VALUES (15,'Soldado',2000),(16,'Cabo',2500),(17,'3º Sargento',3000),(18,'2º Sargento',3500),(19,'1º Sargento',4000),(20,'Subtenente',4500),(21,'Cadete',5000),(22,'Aspirante',5500),(23,'2º Tenente',6000),(24,'1º Tenente',6500),(25,'Capítão',7000),(26,'Major',7500),(27,'Tenente Coronel',8000),(28,'Coronel',8500),(29,'Marechal do Ar',30000),(30,'Brigadeiro',30000),(31,'GENERAL-MOR',25000),(32,'MARECHAL DO AR',25000),(33,'GENERAL DE EXÉRCITO',30000),(34,'',1),(35,'BRIGADEIRO DO AR',35000);
/*!40000 ALTER TABLE `posto_graduacao` ENABLE KEYS */;
UNLOCK TABLES;

--
-- Table structure for table `relacao_dependencia`
--

DROP TABLE IF EXISTS `relacao_dependencia`;
/*!40101 SET @saved_cs_client     = @@character_set_client */;
/*!50503 SET character_set_client = utf8mb4 */;
CREATE TABLE `relacao_dependencia` (
  `Id` int NOT NULL AUTO_INCREMENT,
  `Nome_Relacao` varchar(20) DEFAULT NULL,
  PRIMARY KEY (`Id`)
) ENGINE=InnoDB AUTO_INCREMENT=5 DEFAULT CHARSET=utf8mb4 COLLATE=utf8mb4_0900_ai_ci;
/*!40101 SET character_set_client = @saved_cs_client */;

--
-- Dumping data for table `relacao_dependencia`
--

LOCK TABLES `relacao_dependencia` WRITE;
/*!40000 ALTER TABLE `relacao_dependencia` DISABLE KEYS */;
INSERT INTO `relacao_dependencia` VALUES (1,'Cônjuge'),(2,'Companheiro(a)'),(3,'Filho(a)'),(4,'Enteado(a)');
/*!40000 ALTER TABLE `relacao_dependencia` ENABLE KEYS */;
UNLOCK TABLES;
/*!40103 SET TIME_ZONE=@OLD_TIME_ZONE */;

/*!40101 SET SQL_MODE=@OLD_SQL_MODE */;
/*!40014 SET FOREIGN_KEY_CHECKS=@OLD_FOREIGN_KEY_CHECKS */;
/*!40014 SET UNIQUE_CHECKS=@OLD_UNIQUE_CHECKS */;
/*!40101 SET CHARACTER_SET_CLIENT=@OLD_CHARACTER_SET_CLIENT */;
/*!40101 SET CHARACTER_SET_RESULTS=@OLD_CHARACTER_SET_RESULTS */;
/*!40101 SET COLLATION_CONNECTION=@OLD_COLLATION_CONNECTION */;
/*!40111 SET SQL_NOTES=@OLD_SQL_NOTES */;

-- Dump completed on 2023-09-02  0:46:33
